userID,name,surname,email,password,country,dob,uFollowers,isAdmin,watchlists
ahim,Aida,Himm,aida@gmail.com,abc123,Morocco,30/06/00,,1,
raeldor-96879,Jael,Moses,sed.eget@gmail.us,IYE275,Norway,07/23/91,,0,
dosleeb,Darrel,Harrell,congue@yahoo.it,FEI826,Australia,04/05/92,,0,
brightconscious,Flynn,Morse,in.molestie.tortor@outlook.ca,HYX378,Canada,07/18/94,,0,
gasconyway,Brendan,Day,ut.erat@google.it,WGL527,Norway,09/15/98,,0,
mmason-15867,Maxwell,Colon,aliquet.vel.vulputate@gmail.com,ENP448,Turkey,08/28/96,,0,
schroederagustavo,Roth,Moran,amet.massa@google.ma,UXU837,Germany,03/28/97,,0,
welhof1,Donovan,Arnold,mi.felis.adipiscing@hotmail.us,KXY588,Sweden,06/18/00,,0,
Evastar,Pascale,Mckinney,duis.gravida@google.fr,PBD603,China,02/27/93,,0,
tioeta,Chandler,Kidd,fermentum.metus@gmail.com,ZUT834,Netherlands,02/14/01,,0,
stephenrifkin,Nicholas,Mills,dui.suspendisse@hotmail.it,VZW721,Italy,07/06/95,,0,
andrewtschroeder,Ivan,Kline,cursus.luctus@outlook.it,OPY799,Spain,02/24/01,,0,
UniqueParticle,Alexandra,Holcomb,nisi.nibh.lacinia@hotmail.fr,PGJ838,Australia,11/06/95,,0,
Hellooo1234321,Lacy,Kelley,facilisis.vitae@google.it,TZC210,Poland,04/14/00,,0,
flippereight,Hilda,Tyson,laoreet.posuere.enim@google.ma,OKP973,Germany,09/27/95,,0,
ovandoreyna,Dieter,Leach,accumsan.laoreet@google.ma,BGZ166,Pakistan,05/13/96,,0,
Pairic,Ethan,O'donnell,ullamcorper.duis@hotmail.com,YNR665,United Kingdom,2010-12-01,,0,
driftingintime,Igor,Haney,at.egestas.a@outlook.ma,PLT008,Canada,07/03/93,,0,
Stay_away_from_the_Metropol,Jessamine,Brown,nullam.feugiat@yahoo.fr,CCX073,Ireland,08/30/98,,0,
vostf,Forrest,Barber,sed.est@google.us,CNV964,Australia,12/17/99,,0,
sharonrota,Yvonne,Osborne,facilisis@yahoo.it,LCA143,Australia,10/01/94,,0,
boblipton,Gemma,Monroe,adipiscing@yahoo.ca,HNM113,United States,04/28/94,,0,
indieevan,Myra,Wagner,interdum.sed@yahoo.us,OVK440,Germany,08/08/90,,0,
sjahidul,Shad,Joseph,ornare.tortor@google.us,YWK383,United Kingdom,05/20/96,,0,
swtnlow54,Keiko,Gonzalez,vivamus.rhoncus@gmail.ca,DJC247,China,05/19/92,,0,
jamesmwanzia-62626,Blossom,Morin,maecenas.iaculis.aliquet@outlook.fr,GLD129,China,04/26/94,,0,
moviereviewer6700,Bryar,Logan,hendrerit.donec.porttitor@hotmail.com,QQY210,Pakistan,2009-12-01,,0,
lizadeegan,Pearl,Maldonado,pede.malesuada.vel@gmail.us,MBD221,Germany,08/11/95,,0,
pmc69,Jeanette,Brooks,sollicitudin.a.malesuada@yahoo.it,JNH772,Ireland,04/21/95,,0,
meenanirankari,Owen,Leonard,nulla@yahoo.com,FWX301,Russian Federation,12/10/93,,0,
isaharo,Patricia,Graham,maecenas.iaculis@gmail.ma,QXO267,Pakistan,12/02/91,,0,
ian-437,Sonya,Mckenzie,nec.imperdiet@hotmail.com,IYF745,Poland,2003-07-01,,0,
mysprouts-740-813856,Ima,Morales,dui@outlook.ma,CHH851,Belgium,05/10/95,,0,
seanbrowne-30204,Rowan,Clayton,et.nunc@hotmail.it,GFU171,Sweden,10/17/98,,0,
xuefeiding,Xanthus,Charles,et.magnis.dis@hotmail.ma,SND447,Russian Federation,11/12/98,,0,
kryss-19208,Deborah,Byers,ipsum@outlook.us,SNL695,South Korea,11/14/00,,0,
NinnaMali97,Upton,Patel,sodales.elit@hotmail.fr,BNU697,Canada,08/03/99,,0,
saumitrashanu,Nathan,Mcguire,aliquam.arcu@google.it,EGE521,Canada,10/15/99,,0,
nadyaruray,Meghan,Fitzgerald,dolor.dolor@gmail.us,IOH274,Poland,10/02/90,,0,
westsideschl,Whitney,Mcdaniel,magnis.dis@google.com,ITU860,Brazil,01/18/99,,0,
patlovescats-39586,Savannah,Beasley,id.magna@yahoo.fr,EIR881,South Korea,03/29/90,,0,
juliapiotrowska,Teagan,Lowe,vehicula.et.rutrum@google.us,SKE245,Netherlands,08/01/98,,0,
gradyharp,Moses,Marquez,at@gmail.fr,DHK132,Italy,09/16/90,,0,
ersildsherja,Mira,Soto,amet.lorem@outlook.ma,NRC786,United States,03/29/98,,0,
lormejourdan,Althea,Maynard,etiam.imperdiet.dictum@gmail.fr,UBT051,France,05/27/92,,0,
arrmeen,Dillon,Wolf,eu.odio.phasellus@google.ca,FZD252,Norway,03/19/99,,0,
dcb-27,Morgan,Hardin,consequat.enim@google.ca,NXY026,Ireland,01/07/00,,0,
sbachan-112-284518,Kermit,Cox,in.at.pede@yahoo.com,PJJ337,Canada,09/08/95,,0,
dwp1948,Keith,Rivas,vestibulum@hotmail.fr,JGQ601,Pakistan,06/03/97,,0,
baunvig-42642,Moses,Arnold,integer@gmail.com,GUW267,Spain,12/24/98,,0,
robertbv,Ella,Bird,enim.nisl.elementum@gmail.ma,NPC012,Canada,04/27/01,,0,
mail-95391,Yeo,Villarreal,morbi.metus@google.com,QTC160,South Korea,10/16/95,,0,
burkebuilder,Phoebe,Campbell,id.nunc@hotmail.us,CDQ528,South Korea,05/21/91,,0,
jonathanvanholstein,Chiquita,Merrill,sociis.natoque.penatibus@hotmail.us,KBP231,Sweden,12/04/99,,0,
mcufre-42321,Allen,Chapman,magna.tellus@gmail.com,SDJ181,Russian Federation,09/16/01,,0,
nogodnomasters,Serina,Garza,donec@gmail.ca,BFW323,Norway,02/10/93,,0,
drszilviavas,Sawyer,Mcleod,ac.mattis@hotmail.it,SYK828,Turkey,07/24/00,,0,
txnicole333,Vera,Kennedy,commodo@outlook.fr,LGX468,Australia,01/27/92,,0,
nomanza,Ann,Hawkins,fringilla@gmail.it,QWI461,Belgium,04/03/00,,0,
tierney-steve,Cailin,Knapp,morbi.metus.vivamus@gmail.fr,PZL467,Belgium,04/03/00,,0,
itskyms,Ciaran,Spencer,pede@yahoo.com,WCV374,Ireland,07/26/90,,0,
raj-loyal,Abel,Sweeney,consectetuer@yahoo.ma,HPP292,Italy,07/03/91,,0,
brooksrob1,Paul,Hopper,morbi.quis.urna@gmail.it,XZX073,Turkey,10/20/97,,0,
swededawg,Lareina,Sanchez,massa.lobortis@google.fr,ZWR294,Pakistan,07/07/99,,0,
townferret,Willow,Little,nam@google.fr,GIC563,France,04/07/99,,0,
balldave,Jescie,Gregory,pede.blandit.congue@yahoo.ma,QWR587,Pakistan,02/16/94,,0,
Esraa1990,Michael,Townsend,egestas.blandit@yahoo.ca,OWZ029,Spain,01/12/95,,0,
beaudare-70996,Timothy,Koch,justo.eu@gmail.com,TUQ455,Netherlands,11/19/97,,0,
anooppinto,Amber,Dunn,donec.tempor@gmail.com,FGK972,Brazil,03/29/98,,0,
moaath_sabbagh,Priscilla,Trevino,orci@gmail.ca,TNE877,Netherlands,06/17/97,,0,
angelahptrio,Sophia,Underwood,neque@gmail.fr,HET116,Poland,01/09/91,,0,
rivertam26,Janna,Horton,sagittis.felis.donec@google.ma,LXI374,Netherlands,10/18/01,,0,
viktortje007,Marcia,Langley,eu.nibh.vulputate@google.it,UPU224,Norway,11/19/92,,0,
Kirpianuscus,Zenia,Padilla,ut.sem@yahoo.com,TNI494,Sweden,08/30/92,,0,
contact-125-651146,Graiden,Herrera,sit.amet.consectetuer@gmail.ca,BCY653,United States,02/21/93,,0,
xfile-69236,Clio,Burks,orci@yahoo.us,YIT285,Spain,02/16/94,,0,
FeastMode,Jin,Gutierrez,nibh@outlook.com,RKI853,Australia,02/07/92,,0,
louiseransil,Sebastian,Bolton,cursus.nunc@gmail.com,JUX276,Austria,09/28/90,,0,
brandywreath,Latifah,Booker,ornare.fusce.mollis@gmail.us,LPW107,United States,01/18/93,,0,
wandernn1-81-683274,Doris,Wiggins,vitae.mauris.sit@outlook.us,LSF430,Sweden,09/02/90,,0,
adeleysim,Germane,Hogan,lobortis.augue@google.ca,ZES651,Canada,11/23/91,,0,
amandajkelly,Kiayada,Dixon,placerat@gmail.it,OMV423,Canada,02/06/00,,0,
dancinqueen-38603,Nyssa,Reeves,sem@gmail.fr,OBH891,Norway,01/16/91,,0,
veerabahee,Stewart,Vang,ornare.in@outlook.fr,RWO161,Ireland,09/28/99,,0,
nicholasfiumara,Cailin,Pickett,mollis.vitae@yahoo.ma,NGI285,Poland,01/07/00,,0,
dankolbet,Erich,Owens,quis.diam.luctus@google.it,KTD582,Italy,07/18/01,,0,
dimitardimitrov-47886,Caryn,Velasquez,non.cursus@yahoo.it,ROA868,Canada,03/25/01,,0,
hackraytex,Yael,Wong,pede.cum@google.it,JJB274,Spain,12/23/97,,0,
mountainbeasty,Holmes,Pollard,vitae.aliquam.eros@outlook.fr,PBM876,Italy,06/27/99,,0,
iwfcyb,Oliver,Stark,mus.proin@yahoo.fr,OYA318,Austria,02/05/00,,0,
backus1611-1,Carlos,Glass,pede.malesuada@hotmail.fr,LCW931,Italy,07/09/92,,0,
dpraptor,Illiana,Jackson,sem@google.com,NVF115,Norway,10/10/93,,0,
ashernelson,Axel,Gaines,fusce.aliquam@outlook.us,OSG456,Brazil,07/25/98,,0,
josh-29279,Wayne,O'donnell,pede@google.com,TVN177,France,09/04/93,,0,
levarela,Fatima,Berger,adipiscing.enim@gmail.ca,DEL054,Sweden,07/15/01,,0,
adobe-rashad,Aileen,Nieves,et.libero.proin@yahoo.it,WPH165,Spain,04/03/99,,0,
rob-18884,Garth,Everett,tincidunt@yahoo.fr,ECD498,China,12/28/00,,0,
mrashsharma,Sopoline,Donaldson,pede.sagittis@google.it,HDT184,Netherlands,2001-01-01,,0,
flisscoo,Lunea,Foreman,dis.parturient.montes@outlook.us,JZD633,South Korea,10/05/99,,0,
muamba_eats_toast,Talon,Cherry,mattis.cras@gmail.ca,ONU512,Italy,10/20/01,,0,
razrmaxx73,Talon,Gutierrez,ut@yahoo.it,HGK495,Belgium,03/13/94,,0,
srdjan_veljkovic,Wing,Garcia,eget.nisi.dictum@yahoo.com,FXI827,South Korea,10/03/00,,0,
trmurray515,MacKenzie,Mullen,consectetuer@yahoo.ma,HGS213,Spain,06/22/93,,0,
flamini-14847,Raja,Ware,sed.sapien.nunc@gmail.us,NBH522,Brazil,07/22/96,,0,
horrorking-37043,Sara,Patel,etiam.imperdiet@outlook.ma,ZCS481,Sweden,06/17/90,,0,
jbf-89531,Adena,Lucas,nec.tempus@hotmail.ca,XAP142,South Korea,11/18/95,,0,
randyunseen,Blythe,Garrison,etiam.bibendum@google.ma,BGW542,Russian Federation,07/27/97,,0,
MannyInNewYork,Cooper,Lancaster,tellus.nunc@outlook.it,DRN169,Russian Federation,07/11/95,,0,
treakle_1978,Isabella,Savage,proin.dolor.nulla@gmail.ca,FNC957,Poland,09/11/99,,0,
diamondsfan,Callie,Mann,augue@gmail.ca,OOB568,Pakistan,07/20/90,,0,
jennymisscarla,Evangeline,Reid,nunc@outlook.fr,CUK744,Germany,08/11/00,,0,
rkhen,Dolan,Ramsey,dictum.sapien.aenean@outlook.ma,QWX836,Austria,04/22/90,,0,
thomasmitilis1995,Scott,Woods,sagittis.semper@gmail.ca,SMG433,Ireland,2006-08-01,,0,
fran-battagion,Steven,Mccoy,ut.semper.pretium@hotmail.ca,GOL261,France,2003-08-01,,0,
masonwoods,Gavin,Carpenter,egestas@outlook.com,VHB566,China,03/05/96,,0,
vonnoosh,Audrey,Strong,nunc@hotmail.ma,QHK432,Sweden,05/08/95,,0,
ronfernandezsf,Patrick,Rush,congue.in.scelerisque@outlook.ma,ZDT505,Sweden,08/31/99,,0,
joshuabryan2201,Lana,Dickson,magna@yahoo.ca,UZG997,Austria,06/30/95,,0,
Netflixfan1912,Cassidy,Hayes,feugiat.non@google.ca,GSK167,Russian Federation,11/15/96,,0,
garreth-armstrong,Harding,Osborn,non.enim@yahoo.ma,TFN834,France,05/29/94,,0,
williamgway,Cecilia,Ward,turpis.egestas@gmail.ca,JXL653,Australia,05/08/90,,0,
sayansardar-86958,Frances,O'brien,blandit.viverra@yahoo.it,KTV176,United Kingdom,11/25/91,,0,
alyssa-97526,Quon,Meadows,et.netus@yahoo.ma,NHA584,Pakistan,10/15/98,,0,
iconians,Reagan,Simpson,ligula.nullam.enim@gmail.ma,GXL341,Netherlands,10/25/95,,0,
mangobaby,Kyra,Pollard,vulputate.lacus.cras@gmail.it,EHT621,Poland,05/09/95,,0,
qucwghb,Desiree,Yang,vulputate@outlook.it,UVD517,Poland,12/17/99,,0,
DeSjaak,Kermit,Chaney,ultrices.posuere@outlook.com,PJM145,Poland,11/03/94,,0,
anushkavaswani,Allegra,Hoover,erat@google.fr,WFX423,Pakistan,08/04/90,,0,
scotty-mitchell,Alana,Butler,pellentesque.habitant@hotmail.ma,TNJ134,France,04/11/98,,0,
danakenworthy,Rhona,Rivers,torquent@yahoo.us,TPA155,South Korea,05/15/01,,0,
pruthvi_raj301,Jonah,Gay,dui.cras@outlook.us,XTR307,United Kingdom,2011-11-01,,0,
jrneptune,Rowan,Avila,dolor.dapibus.gravida@google.ca,VBE233,Norway,06/15/97,,0,
Michael Fargo,Melanie,Patton,lacus.cras@outlook.us,QKL244,Spain,12/24/90,,0,
nickoperocho,Alexis,Molina,et.ultrices.posuere@hotmail.ca,UJH336,Germany,10/18/99,,0,
fensser,Samantha,Warren,semper.dui@gmail.ca,WBB149,China,02/02/99,,0,
ianmountain,Jerry,Livingston,nulla.facilisi.sed@gmail.us,QJH183,Poland,04/06/95,,0,
Mr-Dahman,Olympia,Shannon,ullamcorper.nisl.arcu@outlook.ca,XPO688,China,08/15/93,,0,
imperialfinancial,Dawn,Crosby,nostra.per.inceptos@hotmail.it,MGV384,Netherlands,05/04/94,,0,
hai-canada-computers,Tamekah,Bradley,orci.sem@outlook.com,JHU901,South Korea,11/12/93,,0,
dougdoepke,Amal,Walsh,tincidunt.dui@google.com,OYP817,Spain,02/15/01,,0,
pusikurac-53848,Zephr,Gregory,integer@google.us,LOJ956,South Korea,12/30/97,,0,
alexfmau,Ina,Snow,amet.orci.ut@outlook.it,HBK653,South Korea,2009-01-01,,0,
mdjr1111,Trevor,Schwartz,donec@google.us,VRJ220,Sweden,10/16/00,,0,
lilchicklet-1,Hamilton,Gibbs,dolor.fusce@gmail.com,PES749,Germany,04/17/01,,0,
jamesgarbutt,Sylvester,Rodriquez,amet.orci@yahoo.com,CXC896,Belgium,03/06/91,,0,
hisxlnc,Caldwell,Spears,varius.ultrices@yahoo.com,QXY488,South Korea,04/24/98,,0,
Rospy7,Nash,Harper,nunc@outlook.com,OZV185,Pakistan,11/14/94,,0,
clayface9,Kylynn,Baldwin,donec.tempor.est@google.us,ISC446,Italy,01/03/91,,0,
ArmandoManuelPereira,Daphne,Cooley,volutpat@hotmail.ma,KEG439,United States,06/12/97,,0,
malenthialayel,Jamal,Ellis,phasellus@hotmail.us,XTT399,Spain,05/27/94,,0,
trismale,Macaulay,Sweeney,aliquam.adipiscing.lobortis@google.us,OJQ864,Russian Federation,05/05/92,,0,
jacqsmom-325-261871,Jillian,Curtis,ultrices.a.auctor@outlook.ca,ONM126,Spain,02/11/92,,0,
judithstabler,Ivy,Price,phasellus@outlook.ma,GPS272,Turkey,07/28/92,,0,
milojay,Harlan,Hawkins,turpis.nec@gmail.ma,LHF278,Norway,2008-05-01,,0,
bobcobb301,Celeste,Jacobson,netus.et@gmail.ma,ATW892,Canada,09/26/91,,0,
iansangalang,Hakeem,Gould,donec.porttitor@google.com,YBQ485,Italy,07/27/92,,0,
questiontheauthorities,Kylynn,Sears,accumsan.laoreet@hotmail.it,SLW471,Austria,04/18/97,,0,
shsam,Griffith,Bradford,nulla.magna@gmail.ca,JHD885,United States,01/14/90,,0,
MJBlazin,Madeline,Burks,ut.tincidunt.orci@hotmail.ma,ZOM861,Sweden,09/09/99,,0,
leonel-claude,Calvin,Potter,vitae.aliquet@outlook.ca,QWD855,Italy,07/12/90,,0,
christinevilla-23891,Fallon,Pena,eleifend.cras.sed@hotmail.ma,JHX611,Pakistan,10/31/95,,0,
GrizzledSteakman,Georgia,Mcfadden,elit.pede@gmail.ma,POK541,Belgium,11/28/97,,0,
lorynnicole,Jillian,Kidd,sed@hotmail.fr,UFS482,Belgium,11/05/97,,0,
CT-27-5555,Philip,Guerra,odio.semper@outlook.ca,YPC678,Belgium,04/04/00,,0,
anajman,Zane,Beard,non.leo@yahoo.com,SIJ575,Sweden,08/29/96,,0,
Cemadali72,Tatum,Simon,vulputate.posuere@yahoo.fr,XNC188,China,12/10/95,,0,
mini-41737,Devin,Griffith,sed.auctor@google.fr,NXV463,Germany,05/07/94,,0,
s-59569,Maxwell,Keith,nunc.nulla@google.ca,IEO581,Spain,07/01/96,,0,
notvcinema,Eric,Rogers,lacus.vestibulum@hotmail.com,VQP521,Canada,05/22/01,,0,
BApianoMstCatDogBatSnailAntAgave,Cooper,Roach,et.magnis.dis@google.fr,FMO747,United States,03/07/90,,0,
LouieInLove,Sebastian,Swanson,lorem@yahoo.it,SFN493,Turkey,06/15/93,,0,
missandira,Jael,Estes,consectetuer@outlook.ma,HMF339,Belgium,04/17/97,,0,
tyer-06317,Garrett,Lang,id.sapien@hotmail.it,KSV259,Brazil,11/07/00,,0,
slaycock-92298,Belle,Adams,sem@gmail.it,XWU667,Spain,10/17/94,,0,
t-boost,Shelly,Carr,id.risus@outlook.fr,GPM268,Pakistan,04/09/00,,0,
cockerilldominic,Brittany,Moses,fusce.aliquam.enim@hotmail.us,PUI864,Belgium,06/07/93,,0,
lavatch,Lacota,Garner,orci.ut.semper@hotmail.ma,QIL563,China,01/28/91,,0,
jopereira-92781,Gareth,Osborne,in.condimentum@hotmail.it,YCX072,Russian Federation,02/17/95,,0,
Fabian_Spoerlein,Yvonne,Morin,quisque@hotmail.us,QBH816,Italy,10/17/97,,0,
prasun_dubey,Warren,Macias,lacus.vestibulum@gmail.it,GBJ657,Sweden,06/09/99,,0,
simonesecci,Ava,Delaney,vestibulum.accumsan.neque@outlook.it,GEN306,Belgium,08/26/94,,0,
lochiee-39607,Knox,Chan,integer.eu.lacus@yahoo.it,QSE172,Russian Federation,09/08/90,,0,
Eggoreluckadman,Basil,Gordon,phasellus@outlook.fr,DUL634,Italy,05/25/94,,0,
bari_dominguez,Lavinia,Harvey,posuere.at@hotmail.us,TMY728,France,06/05/99,,0,
totalovrdose,Maya,Campbell,lectus.quis@google.it,PPN647,Canada,07/17/94,,0,
CatfishOpinions,Ira,Buchanan,arcu.eu@yahoo.ma,LOC378,United Kingdom,02/04/97,,0,
trishthompson,Oleg,Skinner,phasellus.fermentum@hotmail.com,ZBB662,Poland,04/24/01,,0,
apoca-49207,Honorato,Hayes,duis.cursus@outlook.us,DFA463,Netherlands,07/27/94,,0,
rtylerprofinvest,Sean,O'connor,egestas@gmail.us,KTT877,Austria,06/25/96,,0,
bigcced-928-942329,Linus,Stuart,in.at.pede@gmail.us,CNK253,Australia,04/19/00,,0,
dhruvanshi-86357,Dillon,Hardy,sapien@gmail.fr,SKQ657,Spain,12/30/94,,0,
debdshaw60,Todd,Rasmussen,fusce@hotmail.it,JLD742,Russian Federation,12/20/91,,0,
maxipotthoff,Alana,Stein,libero.est@outlook.us,EMP195,Poland,04/23/91,,0,
wagnerlowell,Zenaida,Romero,posuere.vulputate@google.fr,XRB574,Russian Federation,06/03/00,,0,
jcslawyer,Reagan,Whitney,proin.velit@yahoo.us,ZMB160,Italy,01/26/95,,0,
tonycollums,Sylvia,Norton,vitae.risus@hotmail.com,WDT579,United Kingdom,07/18/00,,0,
corceiro,Savannah,Ford,ornare.egestas@hotmail.ca,CXO608,China,11/02/96,,0,
Yoee6,Tashya,Fitzgerald,nunc.ullamcorper@yahoo.ca,HVN751,Pakistan,04/08/96,,0,
noonieblount,Winter,Franklin,consectetuer.adipiscing.elit@hotmail.ca,VRB108,Netherlands,08/30/94,,0,
steveatwal,Xanthus,Henry,nec.imperdiet@outlook.com,BXO356,Italy,08/05/98,,0,
skaterryan12,Nissim,Zamora,rhoncus@yahoo.it,PSV717,Norway,02/25/97,,0,
j-howard-91663,Wing,Poole,blandit.at@google.ma,ALP475,Russian Federation,02/24/97,,0,
stevenschoenfelder,Jillian,Petty,nisi@outlook.com,LJS626,Turkey,07/05/96,,0,
jared79,Geraldine,Davis,nunc.mauris@hotmail.com,KBG167,Austria,06/25/00,,0,
dberg-5,Gloria,Neal,cursus@outlook.us,GME772,Pakistan,03/15/98,,0,
cfugle,Kenneth,Bishop,eu.tellus@gmail.ca,VYE724,Canada,05/16/92,,0,
pdllll,April,Boone,lorem.ipsum@yahoo.com,QUE899,Italy,12/14/98,,0,
curlsss,Kiayada,Huber,purus.sapien.gravida@yahoo.us,DQK867,South Korea,05/07/92,,0,
karola-raimond,William,Reilly,nulla.donec.non@outlook.it,JSY388,South Korea,02/07/96,,0,
sonicvoodoo,Kennan,Hurst,sodales.at.velit@outlook.fr,TVQ474,Spain,09/05/97,,0,
dbasilio,Lysandra,Roth,sed.neque.sed@yahoo.us,HBI416,Spain,05/28/92,,0,
eventlaunch,Madaline,Buckner,vivamus.sit@outlook.us,SLG214,Poland,05/17/95,,0,
gautampolassery,Aidan,Mcpherson,magna.sed.dui@outlook.us,KLV347,China,05/31/00,,0,
piklubiswas,Dustin,Stone,rutrum@outlook.us,JAC210,Canada,09/15/92,,0,
yerwan1,Ferris,Wilkins,at@google.ca,AFL299,Ireland,05/09/90,,0,
vivianla,Iona,Rowe,dui.quis@hotmail.it,FWL041,Norway,04/08/94,,0,
donovandesign,Orli,Strickland,adipiscing@google.fr,BSK314,Ireland,09/14/99,,0,
kdaiinah,Gay,Castro,ac.mattis@gmail.us,MWQ348,China,05/14/98,,0,
rossmilla,Hanae,Villarreal,metus.in@outlook.ma,NBT167,United States,12/22/01,,0,
randomness-96,Edward,Mack,duis.risus@yahoo.ma,UOH665,Australia,07/03/99,,0,
hculligan-56581,Alana,Hurley,montes@outlook.it,EDO360,Spain,05/12/00,,0,
samanisogand,India,Whitney,neque.pellentesque@hotmail.us,TXT358,Norway,04/18/92,,0,
ellynd-67294,Judah,Fuentes,penatibus.et@google.us,PDL388,Ireland,01/14/90,,0,
emacambiaso,Zeus,Carter,curabitur.dictum.phasellus@gmail.com,LSE674,Netherlands,08/09/95,,0,
palgarc,Hedley,Rowland,ad@gmail.it,IKT287,Sweden,08/20/95,,0,
Selino64,Tad,Sweeney,cursus@gmail.ma,MIY354,Canada,03/15/01,,0,
mastertruman,Elton,Wells,ornare@yahoo.us,TFG686,France,08/01/98,,0,
mykoollayha,Alyssa,Marsh,neque.nullam@gmail.com,YSL244,Brazil,07/16/99,,0,
raphael-marcelino,Jack,Bright,donec.egestas@google.it,KZR222,South Korea,11/18/97,,0,
HorrorFan1984,Flynn,Lamb,eget@hotmail.it,KZB138,Pakistan,02/17/95,,0,
hilalkhachab,Stewart,Roman,eu.sem@google.it,NHE126,Austria,12/15/99,,0,
MartinHafer,Uma,Pacheco,velit.in@yahoo.ca,CIJ362,United Kingdom,05/01/92,,0,
jjcomet,Jelani,Payne,eu@yahoo.ca,MFR118,Poland,07/20/95,,0,
fenix-countryfox,Nadine,Duke,non.bibendum@hotmail.ma,DFK591,United States,10/24/00,,0,
ihal,Jared,Merrill,fusce.mi@yahoo.ca,SLJ508,Austria,06/18/98,,0,
redfordadrianna,Ramona,Lott,odio.sagittis@gmail.ma,SSM343,South Korea,02/03/94,,0,
JuanManuelPinto,Emerald,Rivas,egestas.rhoncus@google.ca,WXI049,Turkey,01/29/01,,0,
billiewalter,Dean,Skinner,cras@outlook.fr,OMD365,Italy,04/27/92,,0,
clinluo,Rigel,Romero,sed.diam@outlook.us,YSG501,Canada,10/23/91,,0,
adilk-31232,Brady,Bradshaw,nulla.facilisis@gmail.us,MFU213,Australia,04/18/00,,0,
moviejen-03150,Madeline,Vaughn,luctus.vulputate@yahoo.ca,KRN627,United Kingdom,01/21/91,,0,
timothygartin,Dacey,Becker,ipsum.leo@hotmail.ma,BJK357,Australia,11/23/95,,0,
y-26698,Upton,Clemons,nec.tempus@gmail.fr,HGB876,Pakistan,05/29/91,,0,
BandSAboutMovies,Riley,Ward,ipsum.primis@gmail.it,FOC638,Spain,03/21/94,,0,
madformessier,Walter,Melton,lorem.eget.mollis@yahoo.com,YXV665,United Kingdom,04/20/93,,0,
callumjones-40834,Vanna,Fox,a.facilisis@google.ma,BWO678,Austria,04/14/01,,0,
cemdev,Darrel,Waller,metus.urna.convallis@hotmail.ca,KOL948,Canada,03/07/00,,0,
mlynch5187,Sybill,Hooper,mus.proin@google.fr,LHR631,Netherlands,10/01/95,,0,
vegicat,Barclay,Green,vulputate@yahoo.fr,TBK349,Pakistan,12/19/94,,0,
DKosty123,Myles,Rowe,sagittis.semper@google.it,DCX684,Italy,04/18/91,,0,
torrez-74244,Whoopi,Russell,et.euismod@hotmail.ca,ENL402,United Kingdom,03/06/99,,0,
coldenohmer,Graham,Larson,faucibus.orci.luctus@google.com,XZD437,Austria,10/29/93,,0,
baoboa,Mira,Madden,imperdiet.ullamcorper@hotmail.it,JSF737,South Korea,04/05/96,,0,
hampersnow-28905,Sage,Mccall,nullam.enim.sed@yahoo.fr,NNL095,Austria,12/08/90,,0,
nicci1972,Craig,Bishop,eleifend.non.dapibus@outlook.ma,DDT700,Italy,03/25/96,,0,
brettbentman,Maggie,Horne,neque@google.ma,BYF257,Belgium,05/05/91,,0,
wreed-87632,Gannon,Woodard,et@google.fr,FJD744,Norway,2007-05-01,,0,
jakedness,Ann,Noble,nunc.nulla@yahoo.fr,ORJ552,Australia,2007-08-01,,0,
u-me-kokane,Ulla,Moore,sit.amet.consectetuer@google.ma,PIY175,Netherlands,05/22/90,,0,
fasst-81312,Florence,Welch,donec@outlook.fr,UJM368,Canada,05/16/90,,0,
bkoganbing,Ginger,Hurst,lobortis.ultrices.vivamus@outlook.com,IMP712,Netherlands,10/10/97,,0,
licheng_huang,Jessica,Ball,turpis.in.condimentum@google.it,DUK576,Australia,08/28/99,,0,
matiasjavierillanes,Urielle,Day,ullamcorper.magna.sed@yahoo.ma,TFL962,Netherlands,09/29/00,,0,
onpointmag,Janna,Joyner,malesuada.integer.id@gmail.com,OHS708,France,07/23/97,,0,
ibaigazpio,Oleg,Holcomb,urna.suscipit@google.ma,IXD812,Ireland,2007-01-01,,0,
musashinwari19,Solomon,Newman,congue.a@outlook.fr,EDX270,United States,07/22/99,,0,
arp_786,Cameron,Hardin,consectetuer.ipsum@google.it,HCB358,Australia,02/06/95,,0,
januszlvii,Alisa,Higgins,felis.ullamcorper.viverra@gmail.fr,WTI473,Italy,11/13/01,,0,
jacksparrow-80568,Slade,Reed,luctus.lobortis@yahoo.fr,FFX072,Italy,05/12/96,,0,
xgananis,Elliott,Potter,donec.porttitor@gmail.it,JLK514,Poland,03/18/97,,0,
connrad-83994,Gregory,Velasquez,justo@gmail.ma,DGA424,South Korea,04/05/96,,0,
frantzen79,Ava,Vaughan,pharetra.ut@hotmail.ma,LXG841,Belgium,03/10/00,,0,
bilal_riaz40,Kibo,Brennan,vivamus.rhoncus.donec@outlook.it,DKT382,South Korea,02/04/93,,0,
albatex,Cameran,Osborne,dolor.sit@yahoo.ca,FHF224,Spain,05/24/96,,0,
mrdonleone,Kaseem,Vang,ornare.in@gmail.fr,NRC356,United States,07/23/96,,0,
danbaig,Yen,Morris,convallis@yahoo.fr,QJU743,Austria,01/27/95,,0,
Mynameisroman,Ria,Mcintyre,egestas.ligula.nullam@outlook.com,WGY564,France,04/15/00,,0,
sanjoy-debnath0,Phoebe,Jefferson,duis.risus@outlook.it,BZJ884,South Korea,11/23/99,,0,
rlbdoc,Holmes,Massey,feugiat.lorem@google.ma,ZQF702,Norway,03/11/00,,0,
florian-heigl-2,Yoko,Harrison,non.magna@outlook.it,ORB833,Belgium,10/31/01,,0,
guilebranco,Phoebe,Berger,ligula@yahoo.com,QKN757,South Korea,11/22/98,,0,
henry-52078,Lance,Morse,vitae.orci.phasellus@outlook.fr,YEV221,Germany,09/15/91,,0,
owenthomas-88351,Petra,Burch,enim.non@yahoo.it,JXU742,South Korea,06/18/97,,0,
balakris-29062,Maggy,Coffey,mattis.semper.dui@yahoo.it,RYM222,Netherlands,03/27/98,,0,
debkamaine,Benedict,Dyer,duis.mi@google.us,WHS053,Netherlands,05/12/95,,0,
cuspubgb,Teagan,Dillard,vitae.sodales@google.ma,GJT086,Canada,10/01/97,,0,
lbrega,Hilda,Riddle,nulla@outlook.us,QXT530,Turkey,02/01/97,,0,
BigJimNoFool,Magee,Johnston,quis.pede.suspendisse@google.it,ISR448,France,06/16/96,,0,
fsusnoles,Kaye,Cote,in.lorem@hotmail.fr,JOL739,Norway,07/17/90,,0,
andreacbrand,Dylan,Bowen,lorem.lorem.luctus@google.fr,DKR558,Norway,08/26/00,,0,
jehannosevanne,Alma,Brewer,ac.metus@outlook.ca,NOF222,France,04/28/93,,0,
hubbardamanda,Mechelle,Mccormick,sodales.elit@gmail.com,VWV487,Ireland,12/01/95,,0,
Adodger65,Devin,Brady,et.rutrum.eu@outlook.com,LOD755,Spain,04/10/95,,0,
nathansalminen,Faith,Rhodes,ridiculus.mus.donec@outlook.fr,ZHO246,Pakistan,07/13/99,,0,
omaromeiri,Rooney,Holman,etiam.bibendum@yahoo.ma,VCL764,South Korea,05/31/96,,0,
hannahlouise-44861,Yoshio,Holcomb,et@google.ca,HSP563,Russian Federation,08/08/97,,0,
caileandmac,Geoffrey,Hubbard,aenean.sed@google.ca,PTK655,Italy,10/23/90,,0,
PatrynXX,Oprah,Rowe,metus@google.fr,XMY654,Germany,01/29/91,,0,
alanbiru,Leo,Chan,metus.facilisis@yahoo.fr,YYL402,Belgium,01/19/00,,0,
paulojunk,Rhiannon,Walls,facilisis.vitae.orci@yahoo.fr,GID731,China,09/07/95,,0,
StrictlyConfidential,Hakeem,Galloway,nisi.dictum@outlook.fr,DGH370,Poland,01/27/96,,0,
billsoccer,Kibo,Guzman,ut@google.fr,VPF994,United Kingdom,10/31/00,,0,
jjenk911,Denton,Ferguson,tristique@gmail.ma,OQO111,Russian Federation,11/03/96,,0,
davymateusz,Ferdinand,Zamora,risus.donec@outlook.us,UDI086,Spain,08/09/00,,0,
mhampton-9,Jackson,Miles,volutpat.nulla@outlook.com,IGR427,Netherlands,01/08/95,,0,
mark.waltz,Philip,Murphy,turpis.nulla@google.fr,AHV598,Russian Federation,05/10/91,,0,
ziyat_aktepe,Nehru,Little,maecenas@gmail.us,YDV983,South Korea,02/15/97,,0,
msbilgin,Diana,Osborne,suspendisse.sed@google.us,USO481,Italy,09/28/97,,0,
sirnboffical,Yoshio,Finley,phasellus.ornare.fusce@yahoo.com,SPC756,Turkey,03/25/90,,0,
AudioFileZ,Demetria,Velez,lorem@outlook.us,SXL932,Sweden,12/06/00,,0,
abuejane,Kirby,Gilmore,mauris.morbi.non@hotmail.com,GRI853,Sweden,05/10/91,,0,
jkennard-97972,Iliana,Martin,ac.turpis@yahoo.it,TUS275,France,06/06/91,,0,
caleblimsw,Tobias,Mann,pretium.neque.morbi@google.ca,MBB171,Spain,05/12/91,,0,
steamjunkbuisness,Murphy,Larson,dictum@yahoo.ca,WPE353,Poland,07/10/92,,0,
randyaiken,Abbot,Beach,eget.lacus.mauris@gmail.it,UIX371,China,09/17/01,,0,
guilhermecoelhorocha-66-787211,Madeline,Perkins,dignissim.maecenas.ornare@gmail.ca,YKG333,France,08/13/93,,0,
dillylamar,Chaim,Rivers,pellentesque@gmail.it,SBI234,Ireland,04/10/93,,0,
Impartial-Critic,Linus,Walton,massa.mauris@gmail.us,SLW200,Australia,01/16/91,,0,
TopDawgCritic,Sasha,Chavez,suspendisse.dui@yahoo.ca,BLY641,Austria,01/01/93,,0,
Hwangkidong,Ginger,Mccray,vel.faucibus.id@hotmail.ca,YKO315,South Korea,10/31/99,,0,
bhallukie,Kelsey,Wilcox,cras.vehicula@outlook.ma,VUE818,United States,08/07/95,,0,
courtjes,Nissim,Emerson,auctor.odio.a@yahoo.ca,PSW346,Australia,02/26/93,,0,
Yolmajames,Kaitlin,Chen,hendrerit@outlook.ma,INZ326,Australia,10/30/93,,0,
DemonKiki,Cody,Warren,placerat.eget.venenatis@yahoo.it,MDV651,Belgium,08/20/96,,0,
mformoviesandmore,Allegra,Lang,pede.malesuada@gmail.ma,BOU212,Germany,02/27/98,,0,
beammeup-29554,Peter,Donovan,eu@google.com,DNB451,Poland,10/22/90,,0,
nored-14104,Madeson,Mccarty,mauris.aliquam@hotmail.us,WJG396,South Korea,11/05/95,,0,
bozkurtt-66867,Uriel,Hobbs,vel@google.it,UVN152,United Kingdom,12/24/98,,0,
t-81966-84968,Orli,Trevino,phasellus.vitae@gmail.fr,XPV571,Canada,01/03/91,,0,
oaksc-28092,Tucker,Bentley,gravida@hotmail.ma,PHG728,Spain,11/07/92,,0,
asem-48773,Athena,Mccarthy,netus.et@outlook.fr,HNC270,Austria,12/23/97,,0,
gsubramania,Malachi,Cox,arcu.et@gmail.ca,JKU828,France,10/14/98,,0,
ugbeytekin,Guinevere,Carrillo,eleifend.egestas@gmail.ca,DRG785,Austria,09/06/94,,0,
bgajunkie,Colorado,Santiago,tempor.est@outlook.it,ZQT214,Belgium,08/01/94,,0,
Intermissionman_,Jacqueline,Joseph,ipsum.suspendisse@google.fr,JVR787,China,07/31/94,,0,
michaellsilva-52421,Jerry,Hurst,a.tortor@outlook.ca,ELW655,Italy,08/04/93,,0,
craigwashington-30200,Unity,Holman,malesuada.ut@hotmail.com,YGS189,Belgium,09/29/91,,0,
tanolen,Alika,Gibbs,mi.felis@hotmail.fr,VKW757,Norway,04/06/98,,0,
koppelmh,Davis,Bentley,at.fringilla@hotmail.ma,RXP735,Australia,05/24/97,,0,
amyewow,Samuel,Mullen,augue.sed@google.ca,PRR242,Germany,04/08/94,,0,
blackpearl39,Bryar,Mccall,dui.nec@yahoo.fr,OQP538,Belgium,05/02/00,,0,
tylermorris30,Aretha,Simon,metus.sit.amet@google.fr,TSO388,Turkey,09/12/99,,0,
Hitchcoc,Tara,Holden,nec.ligula@google.us,QRP269,Spain,05/04/00,,0,
gbill-74877,Sopoline,Campbell,sagittis.augue@yahoo.fr,UEF548,Turkey,11/22/98,,0,
g-91200-93993,Charde,Sanchez,fermentum@google.fr,KDD747,Norway,03/11/93,,0,
laughing_cat,Cherokee,Pickett,pellentesque.habitant@yahoo.ma,ZBS271,Italy,07/16/96,,0,
GriffSwagger,Delilah,Mathis,dis.parturient.montes@outlook.fr,YND322,China,08/27/00,,0,
troye-bolin,Jakeem,Phillips,lobortis.augue.scelerisque@google.fr,YIE774,Brazil,11/21/91,,0,
annette-87536,Arsenio,Pacheco,arcu.et@outlook.com,BYE255,Australia,03/01/98,,0,
juneebuggy,Scarlet,Boone,vulputate@hotmail.us,INA016,Poland,06/13/94,,0,
nate-linker,Noelle,Everett,id.ante@outlook.it,GVM756,Sweden,02/28/00,,0,
LeonardKniffel,Reece,Martin,tempor.erat.neque@hotmail.it,NWS349,Australia,08/23/92,,0,
krational66,Giacomo,Lindsey,semper@hotmail.com,ENL665,Netherlands,10/19/91,,0,
bsdunbar,Illiana,Leblanc,ut@yahoo.it,LMA662,Poland,11/09/93,,0,
Gordon-11,Timon,Reid,vitae@gmail.us,GEW143,Australia,05/20/93,,0,
eaj-943-874905,Emerson,Nieves,lacus@outlook.it,SQO852,Germany,01/25/91,,0,
thisiswasi,Alfonso,Swanson,nam.tempor@google.ca,RSK119,Canada,07/17/01,,0,
lacatuz,Steven,Schwartz,aliquam@hotmail.ca,BBD951,Germany,09/24/97,,0,
connectwithnuwan,Savannah,Ruiz,augue.id.ante@hotmail.it,NNX934,Netherlands,02/12/98,,0,
bigjoshmoney,Abel,Berger,odio.semper.cursus@google.it,RRV521,South Korea,05/06/98,,0,
gareth-75442,Nash,Webb,ac@gmail.us,DQH257,Austria,02/22/93,,0,
kaibanbelubo,Aristotle,Shaw,lorem.eu@yahoo.it,FOE778,Pakistan,02/22/91,,0,
dheepak10,Wilma,Massey,justo.praesent@hotmail.com,DUG688,France,05/10/98,,0,
jasonkleinwachter,Kermit,Malone,eu.turpis.nulla@yahoo.it,FJS319,United Kingdom,01/09/92,,0,
weyrcat,Reuben,Bonner,litora.torquent.per@google.it,GYD765,South Korea,09/02/00,,0,
henrybrown-terry,Thaddeus,Hays,at.velit@gmail.ma,TJS387,Australia,07/21/90,,0,
ercarvajal,Ronan,Jordan,augue.malesuada@hotmail.us,BGB886,Brazil,02/23/95,,0,
tigersandricho,Nicholas,Martin,nisi@gmail.com,MDF871,United States,10/21/01,,0,
giniky,Wallace,Whitfield,ornare@outlook.ca,FEX244,Spain,05/17/01,,0,
littlestewals,Chastity,Hood,metus.aenean@outlook.it,BHW154,Norway,10/15/93,,0,
natcalgary,Hannah,Hanson,aliquet@hotmail.ca,GPW313,United Kingdom,09/27/01,,0,
dancingsundaisy,Graham,Lawson,mauris@hotmail.ca,XEJ164,Turkey,10/31/97,,0,
FlushingCaps,Leonard,Avila,mauris.eu@gmail.fr,EST542,Germany,12/22/92,,0,
danielatpenwyn,Zeus,Berger,sed.consequat.auctor@outlook.us,BNA812,Brazil,03/17/01,,0,
tomasle1995,Dillon,Christian,sit@outlook.com,IUH207,Spain,09/04/96,,0,
azathothpwiggins,Colorado,Byers,montes@hotmail.us,JWB100,Austria,02/06/96,,0,
bobgray-3,Chandler,Hahn,proin.ultrices@outlook.ca,MGO151,Ireland,02/02/92,,0,
showalittlefaith,Lois,Barrera,tellus.faucibus@hotmail.ca,GTB475,Italy,02/16/91,,0,
kataleja-martyr,Edan,Johnson,fusce.aliquet@google.fr,BYY252,Ireland,06/23/00,,0,
gaily_daily,Olga,Figueroa,in.lobortis.tellus@google.us,MVS347,Belgium,01/20/96,,0,
whitneywho,Justin,Key,nibh.vulputate.mauris@yahoo.fr,HWG737,Poland,09/18/01,,0,
ZinQ,Raphael,Savage,enim.gravida@yahoo.it,MQN740,Spain,07/23/94,,0,
HaodeHaode,Juliet,Harvey,et.nunc.quisque@hotmail.us,YRI823,Russian Federation,02/25/93,,0,
riadbekhechi,Bert,Gross,quam.vel@outlook.fr,SZN326,Canada,10/21/90,,0,
rosadiazx,Cullen,Snyder,suspendisse@yahoo.ma,DDG472,South Korea,08/11/95,,0,
drmohamedaliyahya,Petra,Clements,magna@hotmail.fr,ECG486,Italy,08/06/97,,0,
imhiukit,Aspen,Goff,malesuada.augue@outlook.com,KUP697,Australia,05/27/97,,0,
Pooooh,Devin,Cortez,mattis@hotmail.ca,ZDK261,United States,04/17/98,,0,
charmainewongtszwing,Oren,Sykes,dui.in@google.us,HII341,Poland,01/15/01,,0,
bartonboy-53005,Macey,Mosley,libero@yahoo.us,DYQ881,Brazil,12/30/93,,0,
MR-Katt,Lavinia,Hopper,mauris@yahoo.fr,EGT273,Netherlands,02/19/91,,0,
zilayhaider,Grace,Howe,sed.id.risus@gmail.ma,EEG168,Germany,06/18/96,,0,
siddhant_s2002,Victoria,Sparks,cursus.in@yahoo.it,TMV651,Canada,03/26/92,,0,
charleneschamber,Guy,Mathews,fermentum.arcu@yahoo.com,XHU819,Australia,03/21/99,,0,
reo-79679,Zachary,Olsen,pede.nonummy.ut@google.ca,JJW359,Belgium,02/18/93,,0,
denniskin,Rhona,Caldwell,erat.volutpat.nulla@outlook.it,YIF827,Austria,05/08/98,,0,
dssharber,Chelsea,Ferrell,malesuada@hotmail.ma,TNR976,Italy,06/28/98,,0,
jgretton-23836,Florence,Fitzgerald,diam.lorem@yahoo.com,UHA128,Poland,07/10/96,,0,
ecvoid,Shannon,Gallagher,nulla.cras.eu@gmail.us,CXT528,Netherlands,06/13/94,,0,
sandeepyadav-64942,Alisa,Watson,vitae@yahoo.us,APE053,Australia,08/03/93,,0,
Prismark10,Uta,Michael,nulla.facilisi@yahoo.it,IGG785,United Kingdom,10/29/98,,0,
Calicodreamin,Gary,Santana,dictum@google.ma,RBG173,South Korea,01/14/99,,0,
chrisandtan,Sandra,Malone,odio.vel.est@hotmail.ma,DXJ338,United Kingdom,06/06/97,,0,
rubyklarich,Zachary,Knowles,magna.ut.tincidunt@gmail.fr,XKG365,United States,03/07/91,,0,
lakishaferguson21,Halla,Rice,ipsum.dolor.sit@hotmail.com,OSB929,Italy,07/26/96,,0,
eckheart-44042,Bertha,Fulton,eget.massa@hotmail.ma,KQC988,Turkey,08/22/93,,0,
pumpren,Wade,Barnes,ultrices.sit@gmail.us,BWM581,France,05/03/90,,0,
indialm,Yetta,Johns,risus@yahoo.com,APR552,Canada,08/19/00,,0,
dr_maguire,Hedda,Holland,consectetuer.euismod@gmail.ca,IYP788,Brazil,10/07/99,,0,
justimagine109,Idola,Lowe,cursus.purus.nullam@yahoo.ma,ZSG335,Pakistan,10/16/92,,0,
got24,Alfreda,Walker,a.nunc@outlook.ma,YMA715,Brazil,02/13/92,,0,
carlosmdasilva,Wade,Foreman,donec.est.mauris@hotmail.ma,FPL173,Spain,05/21/99,,0,
dcarroll74,Jaquelyn,Lopez,sit.amet@outlook.fr,DNI335,Pakistan,12/27/90,,0,
GomezAddams666,Charde,Serrano,non.magna@yahoo.us,ZND815,Germany,12/17/91,,0,
sandra-kenna,Uriel,Reed,neque@hotmail.it,KPG258,China,03/29/00,,0,
angelicajoycellanes,Lucy,Peters,et.arcu@yahoo.com,EKR436,United States,07/09/93,,0,
therion110-1,Beverly,Berry,hendrerit@yahoo.ma,DOI456,Germany,07/02/98,,0,
jporter-41509,Yoshi,Espinoza,massa.rutrum.magna@outlook.it,ELV581,Italy,09/11/99,,0,
nowego,Adria,Jacobs,aliquam.enim.nec@google.ca,HUO118,Ireland,12/30/90,,0,
renanbin,Amela,Duke,donec.est.nunc@google.com,JIL683,Brazil,11/23/98,,0,
asage19,Hannah,Payne,accumsan.convallis@gmail.ma,DMO685,Canada,04/21/96,,0,
lulybarlez,Xanthus,Conrad,natoque@outlook.us,NQD791,United States,03/03/90,,0,
lauranbvc,Odysseus,Peck,nunc.sit@gmail.fr,PRW247,Turkey,2005-08-01,,0,
spockroolz-65119,Lesley,Holt,semper.et.lacinia@gmail.fr,ENE945,Spain,03/02/94,,0,
jakemusicmcman,Tyrone,Hebert,a.dui.cras@hotmail.ma,ATN277,Austria,08/28/97,,0,
jmkellum44,Kevin,Schultz,orci.donec@gmail.ca,PLB657,United Kingdom,09/08/97,,0,
hayala68,William,Weber,sit@hotmail.com,CZJ351,Turkey,01/26/99,,0,
coltonkd,Lilah,Curtis,posuere.cubilia@hotmail.fr,LFW628,United Kingdom,05/25/91,,0,
mystery-21832,Cassady,Brooks,ullamcorper.velit.in@gmail.us,RCX937,Netherlands,07/30/96,,0,
rshyleshnair,Carla,Hanson,phasellus.libero.mauris@outlook.us,UEO595,Turkey,08/26/00,,0,
mikeamyspino,Marvin,Olsen,eget.laoreet@google.ma,SFC948,Italy,02/24/99,,0,
scottulm,Gail,Cantrell,facilisis.eget@google.com,ECX685,France,01/01/96,,0,
catfacemedia,Kelsey,Harper,dui.lectus@yahoo.us,KDR866,Germany,06/10/90,,0,
podzjoyce,Harrison,Hall,donec.vitae@outlook.com,KGO670,Canada,04/28/93,,0,
MegaSuperstar,Molly,Orr,amet.luctus@yahoo.com,NMB856,Poland,03/16/96,,0,
kmwznvctfh,Samson,Hurst,orci.ut@gmail.com,AGF433,Belgium,02/27/97,,0,
guidoghirardelli,Jarrod,Mccray,class.aptent.taciti@hotmail.ma,QLQ618,Brazil,06/11/94,,0,
nfire-29741,Samson,Rice,a.dui.cras@gmail.us,BQX246,Russian Federation,02/02/99,,0,
maddiaj,Trevor,Kirk,enim.diam@hotmail.it,DGU558,Belgium,03/29/93,,0,
heisenberg12,Lucas,Frank,rutrum.urna.nec@outlook.us,GHG972,Turkey,04/24/00,,0,
reischjustin,William,Sampson,cursus.vestibulum.mauris@gmail.ma,PQN298,Ireland,12/24/01,,0,
estefaniam-29276,Todd,Mcguire,rutrum.non@google.com,SMV924,Turkey,09/29/98,,0,
allanbeth-54560,Quinlan,Wagner,nulla.vulputate@yahoo.it,YCI583,Spain,02/23/93,,0,
nadine-68390,Keefe,Soto,sociis.natoque@outlook.fr,OLL213,Ireland,06/25/97,,0,
newpapyrus,Marvin,Jennings,mauris.eu@google.ma,LBQ321,Norway,07/29/96,,0,
tielamin,Hector,Campbell,metus@google.us,ZBE158,United States,04/13/92,,0,
MovieCriticOnline,Gay,Finley,non.luctus@hotmail.us,LPL536,Italy,04/24/96,,0,
wjaywill,Germane,Merritt,ultricies.ornare@google.com,JBM575,Italy,12/25/01,,0,
gourabmal,Jade,Gill,pharetra.sed@hotmail.us,RKO518,Netherlands,10/01/96,,0,
linadigiulio,Yvonne,Martin,mattis.integer@gmail.us,NRI046,Austria,03/13/90,,0,
hankhill-86246,Denton,Maxwell,ut@yahoo.com,TXN275,China,10/15/93,,0,
williampsamuel,Alana,Vega,proin.eget@outlook.fr,SPX718,Pakistan,04/24/90,,0,
braddtastic,Amery,Fitzpatrick,dictum.proin.eget@outlook.it,FHQ316,Ireland,07/02/97,,0,
mandagrammy,Devin,Cleveland,donec@outlook.fr,LDM652,Italy,07/12/94,,0,
Deentr,Lionel,Graham,lectus.ante@google.fr,TLN866,United States,11/20/98,,0,
jd_bugman,Skyler,Park,neque.sed.sem@hotmail.ma,UEP272,Germany,11/22/95,,0,
amirma-78982,Iliana,Randall,lectus.cum@outlook.us,JCB341,China,07/03/94,,0,
riverrose-74838,Evangeline,Taylor,tristique@gmail.fr,EVC564,South Korea,06/21/95,,0,
csliger931,Brynn,Cote,dolor.dapibus.gravida@yahoo.ca,AQP844,United States,03/25/99,,0,
parasharamrita,Amal,Roy,non@yahoo.ma,JAA444,Russian Federation,08/20/97,,0,
karam_zaya,Rhea,Golden,dui.suspendisse@gmail.com,BWT269,Germany,10/18/93,,0,
aellsayed,Ina,Cline,quisque.imperdiet.erat@outlook.us,FZB706,Sweden,04/18/96,,0,
SeymourMovies,Cole,Kelly,interdum@google.it,DLB054,Spain,07/10/98,,0,
zorrodg-316-238330,Miriam,Gill,nonummy@outlook.ca,ODB841,Belgium,04/18/90,,0,
reddiemurf81,Brennan,Jennings,suspendisse.sagittis@hotmail.ca,NDX717,Belgium,07/28/01,,0,
gabbit-104-772234,Kennedy,Griffin,felis.purus.ac@outlook.us,IDY281,Austria,03/27/92,,0,
ann_peel,Rana,Spence,sit@outlook.us,NSG671,United Kingdom,07/28/94,,0,
kcoach-44196,Maxwell,Ford,morbi.neque.tellus@gmail.ma,TNI277,Belgium,02/11/96,,0,
W011y4m5,Donna,Williamson,lobortis@hotmail.ma,NZY711,Sweden,10/04/99,,0,
Lux55,Plato,Miranda,nulla.tincidunt.neque@google.fr,UNS729,Belgium,05/08/93,,0,
punkharpy,Rogan,Holland,suspendisse.dui@gmail.ca,QNM745,South Korea,2006-03-01,,0,
omardanial95,Erin,Fry,ut.molestie@gmail.ca,RLO118,Pakistan,06/04/92,,0,
toncincin,Deanna,Rojas,sagittis@yahoo.it,AGK631,Canada,04/12/92,,0,
aarongnr,Allistair,Lancaster,facilisis.lorem@gmail.ma,TQP567,Pakistan,04/28/97,,0,
kwenchow,Roth,Marquez,netus.et@google.us,KIV776,Canada,05/03/99,,0,
bshafrir,Blake,Scott,mattis.velit@gmail.ca,NPU866,Ireland,10/21/92,,0,
debandstac-17899,Medge,Parsons,cras.eget.nisi@hotmail.ma,BWU868,Netherlands,2012-06-01,,0,
emholberg,Chase,Vargas,dictum@google.ma,OFQ281,Sweden,12/01/93,,0,
timpiker,Quamar,Petersen,sagittis.semper@google.us,YUJ088,South Korea,12/26/90,,0,
danitir,Leroy,Mccray,odio.sagittis@hotmail.fr,GPS340,Brazil,2005-12-01,,0,
BenHur59,Malcolm,Owen,non.hendrerit@yahoo.ma,HOV743,Norway,05/10/93,,0,
grifmills,Zoe,Knight,ornare.egestas@google.ca,HXG842,United States,12/28/90,,0,
ankitsingh-09533,Lacey,King,sit.amet@hotmail.ca,AIE674,Belgium,10/29/96,,0,
tea_in_a_cup,Genevieve,Maldonado,et.arcu@hotmail.com,CVJ339,France,08/14/91,,0,
icewolf182004,Kadeem,Page,imperdiet.non.vestibulum@gmail.fr,XCD516,Spain,01/13/92,,0,
vangamer,Abra,Rhodes,ipsum@yahoo.com,QUR711,Italy,04/19/92,,0,
cbax123,Rooney,Bennett,dictum.placerat@outlook.ca,JHU048,Sweden,09/16/99,,0,
canuckteach,Naida,Andrews,urna.suscipit.nonummy@yahoo.com,IKZ656,Turkey,10/09/91,,0,
arimatic,Moana,Mcdaniel,magna.suspendisse@outlook.com,NWB022,Spain,03/03/90,,0,
nathanpfisher,Macey,Dodson,aliquam.erat.volutpat@gmail.it,OVK128,Germany,01/14/90,,0,
TheKomer,Lionel,Barnes,elit.pharetra@outlook.ma,JGE328,Australia,12/01/92,,0,
moxixe,Murphy,Nguyen,dui.nec@hotmail.it,XBB634,China,07/06/99,,0,
zacx99,Desirae,Finley,duis@gmail.ma,STA884,Austria,07/26/93,,0,
mnjonman,Pearl,Petersen,porta@google.us,ILI416,Sweden,05/09/90,,0,
rohandua-50652,Rae,Norton,turpis.egestas@google.it,MGY145,Germany,09/04/96,,0,
frank4122,Chandler,Stevenson,egestas.nunc@gmail.ca,WPB713,Pakistan,03/19/95,,0,
kieroncowan,Ruth,Carey,neque.nullam@yahoo.ma,SNX288,Pakistan,05/26/95,,0,
WesternOne1,Hanae,Walsh,mollis.duis@google.ca,CGQ810,China,07/29/98,,0,
tapaninyc-197-809720,Jenna,Price,odio.nam.interdum@outlook.ca,VHL185,France,02/24/94,,0,
thisautoupdate,Naida,Frank,nec.metus@outlook.fr,QEM012,China,03/16/92,,0,
Floated2,Forrest,Franco,egestas.aliquam.fringilla@hotmail.fr,FDH050,Pakistan,02/04/96,,0,
vuileharry,Tad,Mann,eleifend.nunc@gmail.us,LPX942,Ireland,07/07/90,,0,
marycjv,Owen,Eaton,tempus.non.lacinia@yahoo.ca,HHH768,Belgium,2004-07-01,,0,
mariano-85116,Willa,Rivas,mauris.id.sapien@hotmail.com,QKN394,Austria,04/14/90,,0,
bors-1,Inga,Bartlett,dictum@yahoo.ma,YGD776,United Kingdom,08/13/00,,0,
raveeshepasan,Beverly,Serrano,odio.semper.cursus@hotmail.ma,PNT539,Canada,02/14/99,,0,
carmenelreb,Yoko,Mack,sed.facilisis@google.com,LUG254,Norway,11/20/99,,0,
jakediesel1384,Quamar,Poole,lectus.quis@outlook.com,ZYB379,Brazil,11/22/01,,0,
samwillis-86658,Wang,Barnes,eu@hotmail.ma,GFZ679,Australia,12/15/95,,0,
ayushdwkr,Kerry,Hines,pede.suspendisse.dui@gmail.fr,JBH291,Australia,12/31/92,,0,
cloudceeles,Grady,Todd,cursus.nunc@yahoo.it,AWU777,Russian Federation,08/26/93,,0,
davenbenn,Violet,Henry,faucibus.ut@google.ma,FEM211,Russian Federation,02/17/90,,0,
snowflakeaudrey,Allen,Grimes,vivamus.non@google.ma,RAY021,Russian Federation,04/30/01,,0,
brycestones,Porter,Vazquez,accumsan@hotmail.com,VYP595,Poland,06/02/98,,0,
BrevinBeltrock,Hall,Adkins,ante.ipsum.primis@hotmail.ma,NLL854,Ireland,07/23/90,,0,
r-48240,Danielle,Mcgowan,arcu.vel@yahoo.it,CYR327,Sweden,2006-04-01,,0,
hastalanoot,Kelly,Gates,proin.nisl@google.ca,VLV854,Germany,09/24/92,,0,
krzysiukluba,Quintessa,Wall,quis.diam@gmail.us,DXB451,Belgium,06/27/90,,0,
asc85,Leo,Duran,at.libero.morbi@gmail.ca,KXV067,United Kingdom,08/06/96,,0,
chadmurphy,Kasper,Mcfadden,nam.interdum.enim@gmail.fr,LVY315,Pakistan,04/01/92,,0,
addhamjonovf,Victor,Mckay,porttitor.tellus@gmail.com,YFM355,Poland,07/04/00,,0,
atkelsey,Rigel,Rhodes,vitae.erat.vivamus@hotmail.us,ODB056,Pakistan,06/30/94,,0,
karynaaguiar,Tate,Ray,eu.elit.nulla@hotmail.it,GWM781,Turkey,11/09/96,,0,
sungjew-769-882655,Derek,Dalton,nunc@google.it,GUW446,Brazil,03/28/00,,0,
garnet-suss,Felix,Noble,inceptos.hymenaeos@google.it,IYF486,Brazil,05/03/93,,0,
aidanroth,Susan,Burt,cum.sociis@google.it,EFB421,Spain,02/20/99,,0,
onebadriddle-91244,Hashim,Cain,dis.parturient.montes@gmail.ma,BIL567,Sweden,11/17/97,,0,
yashdtt,Avram,O'Neill,lacinia.mattis@gmail.ma,YSG762,Ireland,08/11/95,,0,
karissawilson,Christian,Wilder,hendrerit.consectetuer@hotmail.it,BYN474,United States,01/11/91,,0,
needisaymoor,Daniel,Henson,nisl.arcu@hotmail.com,ULQ781,Poland,06/30/92,,0,
bxuzabc,Kane,Harrison,pede.cras.vulputate@google.us,HHG193,Italy,08/04/91,,0,
pezpolo,Timothy,Hickman,a.sollicitudin@hotmail.ma,YWO341,China,12/09/93,,0,
epicbrowniez,Marsden,Odom,phasellus.fermentum.convallis@outlook.fr,ORU181,Austria,10/25/95,,0,
stevensino,Joan,Glover,mollis.dui.in@google.us,PVK556,Pakistan,10/21/95,,0,
connor-54231,Kevyn,Shepherd,mauris.magna.duis@yahoo.ma,KWL646,China,12/29/96,,0,
bozlopez,Medge,Foreman,aenean.egestas@hotmail.com,CTR297,Germany,07/26/91,,0,
tmcurnow,Bevis,Holloway,eu.odio.phasellus@outlook.ca,OZI721,China,06/29/01,,0,
actaction,Doris,O'Neill,nullam@hotmail.com,JHS552,Germany,08/15/93,,0,
krzysiektom,Tamekah,Meyers,vivamus@hotmail.it,WYV462,Pakistan,01/17/92,,0,
Reb-17,Moses,Vinson,orci.ut@gmail.it,SDI771,Netherlands,12/16/96,,0,
audreyakuhn,Dieter,Tucker,ornare.tortor.at@google.com,VUV284,Pakistan,03/18/91,,0,
phlbrq58,Ralph,Black,vel@yahoo.com,EKI535,Brazil,06/29/91,,0,
carsonjuell,Jane,Abbott,ultricies.sem.magna@hotmail.ma,LVP026,Poland,11/17/91,,0,
hgold98,Cameron,Jackson,morbi.tristique@hotmail.fr,MQM815,Russian Federation,11/15/96,,0,
markq-75654,Nash,Bennett,turpis.non.enim@outlook.fr,IMN822,Ireland,04/02/93,,0,
vaiumlivro,Chancellor,Santana,cras@google.ca,YMV841,Russian Federation,11/13/99,,0,
aozkn,Simone,Brock,at.fringilla@gmail.ma,RJD311,Italy,04/21/92,,0,
NirzonK,Wyatt,Alford,eros.non@yahoo.com,UFO618,Russian Federation,06/22/97,,0,
dameon_green,Macon,Guthrie,congue.elit@hotmail.ca,WMX661,Italy,11/04/93,,0,
crowemagnon,Pascale,Holmes,placerat.augue.sed@outlook.us,QGV774,China,2001-05-01,,0,
lstd-04208,Harlan,Reyes,integer.in@outlook.us,IXT558,Brazil,11/06/93,,0,
architgarg-27625,Blaze,Stevens,maecenas.mi@google.ca,JAB685,Netherlands,11/20/95,,0,
ks-60500,Yetta,Munoz,pharetra.felis.eget@hotmail.fr,OGO506,Russian Federation,03/19/01,,0,
limen-91462,Armand,Jennings,etiam.bibendum@outlook.ma,BXB942,France,01/19/98,,0,
gavins-34983,Leigh,Park,pretium.aliquet@hotmail.it,GLP628,Ireland,08/02/98,,0,
xgpackerfan,Madaline,Ball,suspendisse.ac@yahoo.it,UFG698,Australia,10/25/93,,0,
apiano-1,Willa,Mosley,erat.volutpat@gmail.ma,WUC576,United Kingdom,02/07/95,,0,
kaden50374,Jael,Henson,pretium@yahoo.ma,DIC689,United Kingdom,04/20/95,,0,
ngekilledme,May,Doyle,non.lacinia@google.ma,HQG224,Russian Federation,08/05/98,,0,
wade-e-palmer,Michelle,Benson,ipsum.suspendisse@yahoo.us,WEF316,Sweden,05/01/99,,0,
ogisacp,James,Carey,tortor.integer@gmail.ma,WTT712,Canada,07/23/94,,0,
mrduvall,Sandra,Shepard,rutrum@yahoo.fr,WAH788,Australia,03/27/92,,0,
socratesadamo,Fleur,Spence,magna.suspendisse@outlook.it,COU183,Sweden,2004-01-01,,0,
swetaadhikari-64348,Naomi,Avery,cras.dictum@google.fr,MLV533,United States,08/29/99,,0,
toddhbrooks,Cheyenne,Barrett,sed@outlook.us,RAX822,Poland,02/01/94,,0,
beevenkat,Marsden,Maddox,ut@hotmail.us,HLS422,Belgium,07/30/97,,0,
jaoun2011,Lucian,Hubbard,ipsum.donec.sollicitudin@gmail.fr,URH867,Norway,04/02/98,,0,
nicktatta,Arden,Cabrera,in.aliquet@google.it,MAC803,Ireland,02/25/90,,0,
rich-320,Quin,Franco,urna.ut@google.com,LDO655,United Kingdom,01/16/95,,0,
heathergilmore,Carter,Wilkerson,mollis.non.cursus@hotmail.fr,GYM956,Netherlands,09/10/95,,0,
hanbulban,Joel,Harris,quis.massa@outlook.ma,BOE125,Poland,07/27/98,,0,
srk08914,Piper,Greene,nunc@google.it,BQM582,Poland,05/15/91,,0,
boodle-72886,Rina,Bond,sed@outlook.us,ICP316,Ireland,10/05/92,,0,
mbyrne176,Eagan,Rosales,adipiscing.elit@yahoo.fr,ETL308,Sweden,01/28/94,,0,
kyragd2009,Paula,Cooper,purus.gravida@google.us,FUD416,South Korea,05/13/90,,0,
atrevino90,Herrod,Acevedo,arcu.vel.quam@yahoo.ma,ZWJ227,Belgium,02/26/93,,0,
patrick-kreuser,Bethany,Rocha,sit.amet@hotmail.it,DLR672,Spain,02/21/90,,0,
allysonkilgore,Omar,Rich,augue.eu.tellus@google.fr,FVM872,United States,09/27/99,,0,
richardmartinez-526-238280,Neville,William,sem.ut.cursus@yahoo.com,RAI026,Canada,05/19/98,,0,
merklekranz,Ignacia,Roberson,fusce@hotmail.ma,VRK955,Italy,04/04/90,,0,
jetace99,Macaulay,House,tempus.scelerisque@outlook.it,OFP252,United Kingdom,05/01/91,,0,
gatemonkey,Sophia,Riley,nec.tempus.scelerisque@gmail.ma,QHS833,China,07/29/94,,0,
audioslavekitty,Levi,Lane,sed.molestie@google.ca,SVU859,Sweden,07/22/93,,0,
eevaivilo,Mason,Brady,interdum.curabitur@hotmail.it,DPR536,South Korea,12/26/98,,0,
bennyboy-76810,Linda,Erickson,ipsum@outlook.fr,TIS644,Ireland,06/19/99,,0,
ferni-tierni,Warren,Kent,eu.eleifend.nec@hotmail.us,XNI330,Canada,09/06/94,,0,
dirrput,Marsden,Owens,faucibus@google.fr,QHG445,Canada,01/31/00,,0,
stepstosand,Diana,Dawson,nisl.arcu@gmail.ca,KRJ166,Spain,02/26/95,,0,
fai-90435,Giselle,Ashley,tristique.pharetra@outlook.fr,IJJ151,Australia,2004-08-01,,0,
potterbond007-51-23461,Risa,Rocha,nisi.nibh@hotmail.it,VJE130,Italy,12/27/93,,0,
day25,Keefe,Moses,hendrerit@google.fr,VWL344,South Korea,12/09/98,,0,
mbeau88,Kristen,Huber,quis.lectus@google.fr,BWH200,Italy,12/22/93,,0,
HorrorFlickFanatic,Carla,England,etiam.ligula@google.it,MIU318,Brazil,01/14/98,,0,
hopey205,Samuel,Bates,pede.nonummy.ut@yahoo.ca,UBH327,Belgium,12/20/01,,0,
zac-68274,Sawyer,Burton,vitae.sodales@gmail.it,GBT385,Ireland,07/12/95,,0,
supermodelyum,Odysseus,Adams,luctus@yahoo.com,HWG285,Pakistan,11/08/99,,0,
saptesh786,Sharon,Coffey,cras.vehicula@google.us,VXE266,United Kingdom,05/29/94,,0,
toukir-10338,Shaine,Pruitt,curae.phasellus@hotmail.fr,CCW251,Canada,10/07/99,,0,
thenolanfan,Connor,George,sem.elit@google.com,BJP353,Belgium,07/12/98,,0,
junnyss,Carlos,Hurley,vel.arcu@google.fr,MPK267,United Kingdom,04/27/96,,0,
Rusty_J_Shackleford,Phoebe,Cooley,sollicitudin.orci.sem@google.fr,POK460,Netherlands,04/07/94,,0,
silviazamboni-16193,Elvis,Underwood,dolor.quam.elementum@hotmail.it,MBI655,Austria,2003-10-01,,0,
nikkirubhieagaseven,Tatum,Roberts,augue@yahoo.us,EJC231,Netherlands,05/11/99,,0,
mosesafr,Flynn,Young,elit.pede@gmail.us,VQT048,Belgium,02/14/98,,0,
robertemerald,Zane,Collins,elit@yahoo.it,FFC363,Canada,11/20/99,,0,
wicalder,Stella,Browning,vitae.odio.sagittis@yahoo.it,YTL715,South Korea,2007-09-01,,0,
tdbrain,Teagan,Bridges,tempor.erat.neque@outlook.ca,MIM657,Germany,05/30/96,,0,
eternal_bliss7-934-915962,Zena,Miller,in.faucibus@google.ma,GOY461,Germany,06/14/01,,0,
kyrross,Martin,Wade,amet@google.ca,QRY816,Australia,01/20/90,,0,
Pegasus-10,Uriel,Cole,consectetuer.adipiscing@outlook.ma,CNY565,Ireland,01/22/92,,0,
bretthammond,Nicole,Conrad,porttitor.interdum@hotmail.ma,ODM857,Australia,05/20/01,,0,
sporff,Ivor,Rice,molestie.in.tempus@hotmail.ma,IBO594,Spain,03/02/96,,0,
zeekwunlau,Fuller,Fields,elit.elit@google.ca,WZX886,Ireland,11/15/99,,0,
morrison-dylan-fan,Alden,Mcpherson,sed.sem@yahoo.us,YGW311,Austria,09/25/97,,0,
Learner-335-460300,Louis,Harrell,et@google.us,WSD486,Ireland,02/21/98,,0,
phillipbrowning,Coby,Soto,est.ac.facilisis@google.it,XQX154,Ireland,02/27/92,,0,
singhkulvir-51703,Joshua,Decker,integer.in@yahoo.com,FTM396,Germany,07/06/97,,0,
pekkakokkonen,Alden,Salazar,dolor.quisque@hotmail.ma,LIG488,Brazil,08/12/96,,0,
auranticus,Dustin,Ashley,nunc.mauris@outlook.ma,CII447,Sweden,02/01/99,,0,
ackersa,Carlos,Todd,magna.a@hotmail.ma,ICY273,United Kingdom,10/27/94,,0,
ColtenGoyak,Macaulay,Hogan,ultrices@gmail.it,KSJ656,Norway,10/22/00,,0,
saifkh-91827,Guinevere,Warner,ut.aliquam@gmail.it,LTF931,Pakistan,10/03/90,,0,
andreolaya,John,Neal,vitae.aliquam@yahoo.fr,NXX617,Brazil,12/27/91,,0,
fmwongmd,Daquan,Martin,libero.et@hotmail.it,KUG202,Brazil,03/18/96,,0,
divyaeshah,Bertha,Michael,metus.facilisis.lorem@google.ca,HQF150,Sweden,2008-08-01,,0,
aleksypotocki,Norman,Finley,ut.sem@gmail.com,WWT682,Pakistan,08/05/95,,0,
tcchelsey,Lysandra,Rosario,cursus.a@outlook.ca,KFM187,Canada,06/02/93,,0,
ampscrvon,Leandra,Sanders,molestie.in@google.com,XIW139,Norway,11/18/99,,0,
nhatlam-80790,Stewart,Rollins,tincidunt.pede@outlook.ca,MNG629,China,07/30/91,,0,
henryprav,Ignacia,Huff,vulputate@google.ca,IPE966,Australia,06/17/94,,0,
dahgrdonut,Blossom,Acosta,ac.sem@gmail.com,HIZ887,Brazil,04/18/91,,0,
hemzakherici-02772,Ross,Robinson,nibh.donec@hotmail.com,GMJ425,Ireland,06/27/90,,0,
jordan-albertsen,Samuel,Stewart,dolor@gmail.com,KPR682,Poland,06/11/93,,0,
mossfan18,Nicole,Colon,diam.vel@yahoo.fr,EWC876,Sweden,11/30/98,,0,
isothefanboy,Emerson,Lawson,at.augue@outlook.us,UFN858,Germany,03/09/93,,0,
victormuzza,Dante,Dominguez,diam@google.fr,MHM732,Netherlands,05/13/00,,0,
jeremycrimsonfox,Dolan,Cleveland,sit.amet@google.ca,SYY713,Sweden,06/22/92,,0,
ComradWinston,Basil,Perkins,neque.nullam@outlook.com,PPT597,Spain,03/22/99,,0,
x-54313,Denton,Carey,sapien.cras.dolor@outlook.ma,XWD535,Brazil,11/28/01,,0,
suvechhabose,Hedley,Ramsey,turpis.nulla@google.ma,IUR859,Austria,09/03/96,,0,
graduatedan,Nathaniel,Pacheco,nam.nulla@google.com,CBR237,Norway,03/23/01,,0,
ddcraver,Clinton,Miles,non.luctus@google.ma,UYO227,Turkey,04/26/00,,0,
llguevel,Craig,Vincent,mauris@gmail.it,AWL260,Brazil,03/05/99,,0,
npagano05,Upton,Joyner,senectus.et@outlook.us,HLM443,Poland,04/22/91,,0,
qamanyyy,Nero,Patrick,feugiat.nec.diam@google.ma,RYF474,Brazil,05/06/98,,0,
dtporter-886-883020,Elizabeth,Barron,aliquam.adipiscing@yahoo.it,YRB753,Italy,03/10/91,,0,
kirbie2182,Zachery,Aguilar,nulla.vulputate.dui@outlook.us,LOQ737,France,06/25/00,,0,
kboz25,Jacob,Weber,nunc.pulvinar.arcu@yahoo.com,IOP222,Poland,07/05/00,,0,
devrinabanerjee,Cullen,Malone,pellentesque.a@outlook.fr,UOB724,Pakistan,01/12/90,,0,
kordvanis,Alec,Sykes,libero@outlook.fr,MPN271,France,01/15/91,,0,
sophia55,Vaughan,Moran,cras.dolor@yahoo.ma,KOK434,Turkey,10/04/99,,0,
Hussain-AL-Naseer,Reagan,Bush,donec@gmail.it,SPR363,China,08/13/96,,0,
coachsls,Rebekah,Marshall,eu.odio@yahoo.us,IUD311,Australia,09/03/91,,0,
filmtravel101,Dawn,Ray,enim.suspendisse@hotmail.us,DEH220,Italy,12/11/94,,0,
Prophetik,Colby,Woods,eu.odio.tristique@outlook.it,LOS525,Belgium,01/10/98,,0,
icaruszucker,Lenore,Chaney,tempor.bibendum@outlook.com,NMC355,South Korea,10/12/91,,0,
swagatadeb,Keelie,Kim,ipsum@outlook.fr,CHM412,Canada,08/08/90,,0,
robertandrews-44556,Hannah,Adkins,lorem.luctus@gmail.it,YXU466,Ireland,05/18/01,,0,
allisontravis,Harding,Richards,natoque@hotmail.ma,ROQ481,United Kingdom,08/23/01,,0,
sharransr,Audra,Cline,aliquam.tincidunt@gmail.com,KTM073,Belgium,03/23/90,,0,
cmaj-50574,Brendan,Hartman,justo.nec.ante@yahoo.fr,BNF075,United States,07/01/92,,0,
damienfarrell,Kaitlin,Nielsen,lobortis.ultrices@outlook.it,MXC221,United Kingdom,02/01/93,,0,
g-96059,Forrest,Le,nibh.enim.gravida@yahoo.ca,TVR258,Pakistan,05/05/97,,0,
deltastar-15250,Kareem,Burks,nibh@gmail.com,SHK945,Netherlands,03/27/98,,0,
deowen10,Kenneth,Preston,dui.fusce@gmail.ma,XUY536,Canada,03/18/96,,0,
maxwell12677,Alexandra,Irwin,auctor@yahoo.fr,TSD337,Netherlands,04/27/92,,0,
kenji9083,Armand,Hendricks,mauris.sagittis@hotmail.it,GLU692,Australia,11/27/90,,0,
jsarahina,Bree,Hahn,id.ante@google.com,WBE462,Netherlands,01/23/93,,0,
dacrows,Minerva,Wyatt,sem.magna@gmail.fr,DVB274,Poland,08/13/01,,0,
ho-ho0725,Brielle,Brennan,est.vitae.sodales@gmail.us,QFY550,United States,10/04/94,,0,
colek-37117,Darius,Estrada,non.nisi@gmail.ca,UUW335,Pakistan,03/28/94,,0,
Thekeybaldemasterrises,Regina,Robbins,quam.dignissim@hotmail.fr,NNO411,Netherlands,2007-12-01,,0,
bRwNSuGaR,Jasper,Slater,massa.rutrum.magna@outlook.us,SFM123,Germany,09/20/99,,0,
makdevang,Cyrus,Lindsay,lacus@yahoo.fr,GLX358,Ireland,01/24/90,,0,
calebfrance-90968,Cairo,Barry,pellentesque.habitant.morbi@gmail.ca,HDW816,Russian Federation,12/21/91,,0,
gk303007,Geraldine,Olson,egestas.urna.justo@hotmail.ca,HVS403,Germany,04/10/99,,0,
rasmuste,Edan,Maldonado,etiam.gravida@yahoo.it,KYP072,Belgium,04/09/00,,0,
silvrglo-663-895032,Shelley,Stokes,ante.lectus@gmail.ca,SYT386,Australia,10/08/98,,0,
lcdchicago,Baxter,Gibbs,id.magna.et@google.fr,NRO806,Norway,2002-08-01,,0,
jwhite80,Yoshio,Dyer,nam.porttitor@google.us,NSK273,China,08/11/90,,0,
kemmercope,Timothy,Young,ut.erat@hotmail.us,JKW427,Italy,03/26/90,,0,
cleolam,Hu,Davis,proin.dolor@gmail.fr,DWM333,France,12/07/98,,0,
elizabethhemphill,Abigail,Nieves,aliquam.iaculis.lacus@hotmail.us,XFJ553,Canada,2008-10-01,,0,
hnandhini,Stephen,Bishop,magna@google.ma,GMS090,France,12/12/92,,0,
davidmalaimo,Yoko,Rodriquez,ac.urna@google.fr,BDA575,South Korea,02/29/96,,0,
everrethamilton,Phillip,Hess,fermentum.risus.at@google.ma,UYU784,Austria,05/01/91,,0,
robert-rhys,Myles,Sloan,sem.mollis@hotmail.us,MCA258,Turkey,10/18/93,,0,
phildexter,Dieter,Briggs,in.scelerisque@google.it,DTB331,France,07/01/99,,0,
thejassivakumar,Hop,Gould,tellus.eu.augue@outlook.us,JQE803,Turkey,02/24/97,,0,
jdiz115,Graiden,Harrison,rutrum.eu.ultrices@outlook.it,MBE214,Ireland,07/28/93,,0,
albertolanderos,Yeo,Acosta,quis.tristique.ac@gmail.us,ILB281,Norway,2001-08-01,,0,
icewineannie,Phyllis,Kline,nec.orci@gmail.it,KKS237,Sweden,08/21/96,,0,
pmcp57,Timon,Michael,mauris.aliquam@gmail.com,EON171,China,09/17/96,,0,
Williwatch,Dora,Montoya,mi@outlook.fr,AAO075,United Kingdom,06/27/91,,0,
q-85184,Cathleen,Hernandez,mauris.ut@outlook.it,PHE452,Austria,11/13/92,,0,
classicactresses,Colton,Gomez,metus.vitae@outlook.fr,YSU234,Spain,10/02/93,,0,
kevinolzak,Hope,Howell,dui.augue@yahoo.fr,NJL841,Brazil,01/06/91,,0,
patriciaselhachem-10811,Cheryl,Todd,suspendisse.sagittis@outlook.us,DYS522,Ireland,03/17/96,,0,
fake_moviestar,Kiona,Stewart,ligula.consectetuer@hotmail.ma,VXH747,Pakistan,2012-03-01,,0,
LeanneBarker,Xenos,Ingram,congue.elit@gmail.it,VBN652,Spain,08/25/93,,0,
pouriyatajmehrabi,Petra,Ortiz,adipiscing.lobortis@google.com,WOT183,Austria,05/11/94,,0,
abbyraz,Cally,Rosales,elementum.at@yahoo.fr,MKI681,Austria,05/18/99,,0,
bhumika9722,Griffith,Knox,velit@google.ca,CPI478,Germany,03/02/00,,0,
khoras,Zena,Hogan,eros@hotmail.ca,REV434,Norway,04/15/95,,0,
dragonmanfire,Veda,Mccullough,et.nunc.quisque@yahoo.us,WEC614,Poland,08/29/93,,0,
michaelcdoran,Penelope,Hooper,duis.risus@yahoo.ca,GLI831,Canada,06/15/01,,0,
midnightcub,Ferris,Harrington,fusce.mi@google.ma,XIL859,Netherlands,10/08/92,,0,
ads1988,Wanda,Baldwin,dolor.fusce@google.com,XVP851,Norway,04/28/94,,0,
rayyan-37340,Hedwig,Byrd,sed@google.fr,UPB138,Belgium,08/17/95,,0,
paul-17160,McKenzie,Lester,ligula@google.us,LMM394,France,01/16/99,,0,
ma-cortes,Kadeem,Bright,pharetra.felis@yahoo.ca,IAU866,Norway,07/24/99,,0,
SnobReviews,Odette,Snyder,nunc.sed@hotmail.it,EPL173,Australia,07/12/95,,0,
XweAponX,Dane,Hanson,pharetra.sed@gmail.ma,HMU838,Norway,06/04/00,,0,
john-dawson-614-792694,Barclay,Carrillo,elementum.dui@hotmail.com,EQD589,China,11/17/91,,0,
michalbrazier,Scarlet,Gilliam,vulputate.eu@gmail.fr,RNE264,Norway,2004-07-01,,0,
vithiet,Donovan,Wheeler,sodales.nisi@google.ma,AVH958,Poland,01/21/95,,0,
rajsudha-06726,Hu,Hendricks,nunc@yahoo.com,QIV573,South Korea,02/09/92,,0,
nakrugt,Ezekiel,Bailey,consectetuer.cursus.et@gmail.us,IND731,United Kingdom,09/23/91,,0,
gunn-wrights,Baker,Freeman,in@hotmail.it,OPN523,South Korea,01/22/91,,0,
rtpanda,Kyra,Brown,malesuada.vel.convallis@hotmail.ca,FZF837,Pakistan,04/23/94,,0,
Near-L,Ignacia,Colon,elit.a@google.com,CDH297,Norway,09/17/99,,0,
mnali-91636,Lee,Chen,cras@hotmail.com,JFE772,Netherlands,04/20/01,,0,
griernick,Carl,Gardner,dictum.placerat@yahoo.us,MWE513,Belgium,01/14/97,,0,
goseahawksth,Amela,Fitzpatrick,sollicitudin.orci@google.fr,QLL114,Germany,12/25/00,,0,
WpgJetsFan80,Halla,Riddle,sed@yahoo.it,KEQ149,China,09/30/91,,0,
CCsito,Upton,Miranda,mauris@google.it,WLH265,Netherlands,01/08/94,,0,
mailofthefuture,Arden,Spears,iaculis@outlook.fr,AKZ339,Norway,01/03/90,,0,
cozsquared8,Althea,Lara,purus.ac@google.fr,CCS644,France,09/01/92,,0,
vraj-44397,Macon,Mercer,non.cursus.non@gmail.ca,GYG727,Italy,07/28/97,,0,
florencepinsent,Bianca,Perkins,eu@outlook.us,PQL684,Turkey,11/19/92,,0,
CrazySeff,Jael,Whitfield,vitae.erat@yahoo.ca,QMU679,Netherlands,09/08/99,,0,
ahdiscordia,Addison,Mejia,commodo.tincidunt@gmail.com,LLX314,France,10/27/96,,0,
Quakquak,Martin,Golden,tempor@gmail.ca,DVM545,Australia,06/27/93,,0,
g-82113,Zorita,Simpson,et.rutrum@yahoo.fr,FPT061,Poland,12/30/92,,0,
fabryddorf-35326,Amity,Dickson,erat.volutpat.nulla@yahoo.it,RNW584,South Korea,02/14/90,,0,
hutsonk-71654,Plato,Valencia,blandit.enim.consequat@gmail.ca,YDS508,Belgium,11/06/98,,0,
mrlirocks,Uriel,Gilbert,magna.phasellus.dolor@gmail.fr,HHQ447,Sweden,05/07/91,,0,
chhablaniharshit,Cain,Carpenter,amet.ultricies.sem@yahoo.ma,OEX353,Brazil,08/25/94,,0,
bjtpadilla,Noble,Ramsey,rutrum.justo.praesent@outlook.fr,XLU896,Australia,2007-01-01,,0,
buntua54,Ross,Caldwell,mus.aenean@yahoo.fr,QNO869,Pakistan,12/09/95,,0,
harrylean-50019,Wyatt,Clay,id@yahoo.ma,SBD280,Poland,05/08/94,,0,
HappyChildOfGod,Sage,Franco,iaculis@outlook.com,FYN786,Belgium,02/19/90,,0,
rms125a,Rosalyn,Carter,arcu.vivamus.sit@yahoo.ca,NUH118,Norway,03/15/95,,0,
MorganY92,Signe,Holden,diam.proin.dolor@yahoo.us,JDW022,Brazil,2006-04-01,,0,
yvonne-oloughlin,Imelda,Hammond,tellus@yahoo.com,BPB458,Sweden,09/20/97,,0,
ulicknormanowen,May,Jones,convallis.erat@gmail.fr,BDL232,Canada,06/18/92,,0,
saadanathan,Kuame,Dudley,gravida.mauris@gmail.fr,HDO136,Austria,09/25/92,,0,
yumusicssis,Kasimir,O'Neill,nisi.aenean@outlook.us,DXJ865,China,11/19/99,,0,
TheMovieFan98,Rosalyn,Holland,erat.in@hotmail.us,CHX763,United States,10/28/92,,0,
jaslennings,Clio,Riddle,dui.cras.pellentesque@yahoo.ca,TVM281,Brazil,03/14/99,,0,
mkarem-31632,Fitzgerald,Lamb,diam.lorem.auctor@outlook.ca,RBF844,Poland,05/19/92,,0,
flemingd-24992,Kibo,Bowen,erat.eget.tincidunt@google.fr,ZQA762,United States,08/28/98,,0,
Kaleem_bhatti,Helen,Frederick,ligula.consectetuer@gmail.ma,HIW741,Italy,01/14/94,,0,
kahahlbohn,Laura,Mcneil,tellus.nunc@hotmail.it,WSP811,South Korea,10/12/00,,0,
arjunsteelers,Kevin,Robbins,nulla.in.tincidunt@google.ma,REC365,Turkey,10/20/93,,0,
dapsmith-43586,Quintessa,Mitchell,et.ipsum@gmail.com,UFG742,Brazil,03/30/95,,0,
craycraysusie,Stacy,Clemons,vivamus.euismod@outlook.it,EWO084,Germany,04/11/96,,0,
tune345,Sonia,Campos,lorem.sit@hotmail.com,YAF312,Brazil,11/19/97,,0,
wollonz,Carolyn,Morgan,sit.amet.diam@google.ma,ZXT146,United States,09/28/99,,0,
dickchenny,Rama,Shelton,morbi.tristique@yahoo.it,WGL160,Ireland,04/17/95,,0,
bishwjeetdhar,Kylynn,Soto,eget.volutpat@google.ca,AEC132,Austria,04/14/90,,0,
Justreviewing2,Shay,Griffith,dictum.eleifend.nunc@outlook.fr,FRB559,Germany,10/08/90,,0,
nilanjanachatterjee-89755,Kevin,Mcmillan,aliquam.auctor@gmail.com,UER193,China,07/24/94,,0,
lshkhsyt,Jelani,Morin,eu@hotmail.ma,MYF306,Netherlands,04/03/92,,0,
jochemunlimited,Ciara,Hughes,congue.a.aliquet@hotmail.ma,QQU471,Netherlands,10/01/93,,0,
taylormstrong,Slade,Mccall,fames.ac.turpis@outlook.fr,FIS322,Germany,11/29/99,,0,
Amyth47,Mannix,Hatfield,quis.arcu.vel@hotmail.ca,HKX688,Spain,03/14/96,,0,
xfectivus,Howard,Farley,gravida.non@gmail.fr,OBI877,Canada,01/16/95,,0,
aaakarunarathna,Lee,Clayton,risus.at@yahoo.com,VFC193,Austria,04/21/99,,0,
lexzww-30703,Chava,Ratliff,et@google.us,VYU731,Turkey,11/07/99,,0,
eraudales,Alexis,Byrd,risus.quis@outlook.it,IPP141,France,10/11/00,,0,
colbertadrian,Winter,Lancaster,amet.diam.eu@outlook.it,PMX322,Spain,12/08/91,,0,
joseguilh,Jolie,Walton,class.aptent.taciti@outlook.com,OUB245,United States,06/16/90,,0,
therealozgun,Cailin,Booth,ipsum.ac@yahoo.ma,VME367,China,05/18/96,,0,
subhoghosh-62108,Micah,Mccoy,eu.nibh.vulputate@gmail.fr,FFV021,Brazil,06/25/90,,0,
jsjax,Sebastian,Glover,mi.aliquam@google.com,CUF764,Sweden,08/05/91,,0,
gitanjalirao,Kuame,Pollard,magna@hotmail.com,DRF439,China,06/24/96,,0,
seige-hound,Dustin,Ross,et.malesuada.fames@yahoo.it,XYC724,Russian Federation,04/09/00,,0,
oldtimate,Evelyn,Ray,tincidunt.neque@gmail.it,JDK278,Ireland,04/28/93,,0,
abrozinic-169-383684,Lillian,Tate,a.arcu@yahoo.com,DVI016,Spain,04/26/94,,0,
titaskar-41573,Ciara,Calderon,lorem@google.ma,SFA453,Canada,10/06/95,,0,
ritesheverlive,Tatum,Mack,ridiculus.mus@outlook.com,AUW711,Australia,02/09/98,,0,
kcv47811,Hop,Lucas,nulla@outlook.ca,TKL266,Russian Federation,12/09/90,,0,
lathe-of-heaven,Chandler,Giles,tincidunt@gmail.com,UPY243,Spain,08/22/00,,0,
Karthiiikk,Alexa,Ward,ac@outlook.it,EOO787,China,08/08/91,,0,
mdnurulhuda,Deanna,Cain,enim.etiam@gmail.com,YMC780,Russian Federation,07/01/92,,0,
sreyam_das,Jennifer,Wolfe,dignissim.magna.a@outlook.ma,HLS023,Poland,05/05/96,,0,
pizzahutch11,Megan,Mccall,sit.amet@hotmail.it,SFM844,South Korea,02/19/91,,0,
pzct,Adrienne,Abbott,vel@gmail.ca,QMD418,United States,01/01/98,,0,
violab,Ariel,Fowler,aptent.taciti@outlook.fr,LIT438,Spain,02/18/96,,0,
toshala-1,Nicholas,Wolf,mollis.lectus@hotmail.ma,XXK682,Germany,01/21/94,,0,
deloudelouvain,Shelby,Sutton,arcu.vestibulum@yahoo.ma,MFK470,Austria,03/09/99,,0,
meetruncdangercharak,Carol,Potter,pede.blandit@yahoo.ca,CKE794,Brazil,06/07/97,,0,
tsetseflysteve-70648,Guy,Parker,vulputate.ullamcorper@gmail.it,MYO476,Canada,05/02/94,,0,
fizikperest,Regina,Sawyer,non.dapibus@gmail.fr,UKT454,South Korea,01/16/90,,0,
jimcheva,Jonah,Curtis,eget.ipsum.donec@hotmail.ma,NSH544,Norway,11/21/91,,0,
ladiesluvbey,Melodie,Lawson,duis.ac.arcu@gmail.us,WYW204,Turkey,03/13/91,,0,
alireza-46013,Jamalia,Spears,tellus.id@yahoo.us,DNO343,Australia,04/28/94,,0,
Anudeepsambaraju,Ila,Barton,lorem.ipsum.dolor@gmail.us,NSV425,Italy,02/09/94,,0,
dhruvvarma,Hammett,Carr,scelerisque.sed@yahoo.us,YMM598,Spain,02/14/90,,0,
zombie84-1,Gabriel,Harris,magna@yahoo.ma,ZRX304,Turkey,08/21/00,,0,
me-389-325519,Buckminster,Wheeler,mauris.ipsum@google.it,NYC572,Pakistan,08/20/00,,0,
lee_eisenberg,Laura,Mitchell,sagittis.augue.eu@yahoo.fr,YQA578,Italy,09/05/97,,0,
aabrahmy,Kameko,Ray,nibh.aliquam.ornare@google.it,WOD635,Belgium,08/07/96,,0,
ragboy12345-194-802090,Nyssa,Boyd,sodales@outlook.us,BEX359,France,2011-01-01,,0,
sinnfenian,Camilla,Richmond,sem.semper.erat@outlook.us,PJK638,Russian Federation,02/15/95,,0,
ArtVandelayImporterExporter,Keaton,Clark,tristique.ac@hotmail.com,CBQ899,Netherlands,12/30/00,,0,
josenelias,Dylan,Stark,leo@hotmail.com,PQD827,China,06/14/92,,0,
Philmick,Kerry,Bass,senectus@hotmail.com,BUU553,Brazil,12/20/91,,0,
LukeCustomer2,Hannah,Edwards,ornare.egestas@google.fr,SVU267,China,02/25/93,,0,
kbrebnergriffin,Grace,Ross,aliquam.ornare.libero@google.us,CPQ834,Ireland,06/20/90,,0,
kamille,Ann,King,sapien.gravida.non@gmail.fr,BUX435,United States,12/13/94,,0,
richardchatten,Heidi,Bowers,eu.tempor.erat@gmail.it,ZWQ073,Canada,01/30/97,,0,
Paranoid_Indifference,Wesley,Fox,malesuada.ut@yahoo.fr,KZY230,South Korea,09/05/94,,0,
muyigaojie,Drake,Estrada,euismod.ac.fermentum@yahoo.fr,VOA036,Pakistan,10/06/91,,0,
JanM1591,Giselle,Fuentes,non.bibendum@gmail.ma,HWM902,Russian Federation,05/04/90,,0,
erelgilboa,Griffin,Grant,aliquam@yahoo.ma,KYT341,Belgium,02/13/92,,0,
chirkut,Herrod,Martin,eleifend.egestas.sed@outlook.us,KZW451,Norway,10/06/91,,0,
searchanddestroy-1,Cain,Nguyen,adipiscing@gmail.it,ELL341,South Korea,07/12/96,,0,
chris-tudor,Eric,Mcgee,nascetur.ridiculus@outlook.ma,XDL393,China,05/29/00,,0,
shubhankar-86045,Armando,Livingston,sapien.imperdiet.ornare@outlook.ca,IOT724,Pakistan,06/12/00,,0,
CinemaSerf,Lydia,Hancock,quis.diam@hotmail.com,URG266,Turkey,11/26/01,,0,
farrowpeter,Alma,Trevino,in.faucibus.orci@google.ma,BPG164,South Korea,04/20/91,,0,
storyteller-69195,Justine,Greer,quisque@outlook.fr,IJP939,Turkey,07/14/93,,0,
sfarrelardan,Serena,Beard,convallis.dolor@outlook.fr,HNZ649,Austria,2011-01-01,,0,
MOVIE-REVIEW-POOPSHOOTs,Maris,Waters,risus.donec@outlook.us,HUU436,Brazil,04/20/00,,0,
thomasgreuel,Prescott,Dominguez,tellus.eu@outlook.ca,QNM136,Pakistan,04/19/92,,0,
MR_Heraclius,Jade,Rollins,eu.eleifend.nec@yahoo.it,ODV413,Sweden,07/22/01,,0,
MDC-IMDb,Octavius,Forbes,commodo.at@google.com,SLG872,South Korea,07/20/96,,0,
littleskytube,Dale,Wells,risus.morbi.metus@google.ca,EYJ647,United States,05/28/98,,0,
Cilica,Cruz,Baird,lorem.vehicula@hotmail.ca,BBR069,Poland,03/27/96,,0,
janjeltes,Katell,Guerrero,eros.non@hotmail.it,HHQ878,Australia,2003-07-01,,0,
mwilson1976,Stacy,Bolton,cras@outlook.com,JZS345,United Kingdom,10/29/93,,0,
carbuff,Sonia,Chen,convallis.convallis.dolor@yahoo.ma,IOC171,Poland,02/01/96,,0,
daiquiana,Tad,Mooney,amet.massa@google.ca,CHZ883,United States,01/22/90,,0,
MOscarbradley,Teegan,Witt,nostra.per.inceptos@gmail.us,KLO301,Spain,05/14/01,,0,
greenasastem,Leonard,Paul,luctus.felis@google.ma,ERJ821,Belgium,01/20/92,,0,
RogerB-P3RV3,Richard,Pace,ut.pellentesque@gmail.us,AHE637,Russian Federation,02/17/99,,0,
mjfhhh,Kaye,Horn,sed@yahoo.us,JNU737,Belgium,09/03/96,,0,
BlueIrisDaisy,James,Hatfield,aliquam.arcu.aliquam@outlook.com,PKG092,Norway,10/05/96,,0,
sobhitpandeyabhi,Hu,Nelson,montes.nascetur.ridiculus@google.com,ILM198,Ireland,08/03/00,,0,
markgorman,Kelsie,Sanford,placerat.augue@gmail.fr,UHF574,Ireland,06/27/95,,0,
catpantry,Tiger,Justice,mattis.semper@outlook.it,JHH287,United Kingdom,01/24/90,,0,
vs-53277,Wyatt,Fields,auctor.mauris@hotmail.fr,LCH413,Netherlands,04/19/00,,0,
lewilewis1997,Shelly,Gould,nisl@outlook.us,AWQ529,Netherlands,02/03/91,,0,
luizaavieira,Hasad,Massey,lacinia.vitae@google.it,CDL664,Spain,11/23/94,,0,
captainsilverink,Clare,Delaney,curae@hotmail.ma,KNI364,Pakistan,04/07/97,,0,
Sleepin_Dragon,Keely,Cunningham,risus.donec@yahoo.ca,QNK554,Austria,12/26/94,,0,
Mfbarry-90-773507,Elizabeth,Hale,euismod.mauris@yahoo.us,IGN340,United States,09/26/97,,0,
junejoabdulsalam,Daphne,Bowman,enim.mauris@outlook.ca,GYR424,Germany,03/11/96,,0,
tin-B,Elliott,Gardner,mauris.ut@outlook.it,THZ885,Italy,03/12/91,,0,
blueangelical,Troy,Wong,ligula.aenean@yahoo.ca,EFF187,Sweden,12/04/97,,0,
jromanbaker,Jakeem,Griffin,eleifend@gmail.ma,UNE587,Netherlands,06/26/94,,0,
clivejamesrd,Inga,Park,et.nunc.quisque@gmail.com,JEZ759,France,06/19/90,,0,
shikhasingh-60443,Calista,Reynolds,arcu@outlook.ma,GIG482,Norway,08/04/95,,0,
mujtabasaif786,Mark,Carroll,nulla.magna@gmail.ma,AVS298,Canada,08/04/93,,0,
pcgness,Kevyn,Workman,dui.semper@google.us,LLA227,Spain,04/09/97,,0,
christopher-underwood,Constance,Solis,donec.egestas@gmail.ca,QZG652,Belgium,12/20/98,,0,
iix-31422,Camden,Davidson,lobortis@hotmail.fr,CSE947,United Kingdom,01/18/94,,0,
henrycoles9,Cameron,Stewart,tempor@outlook.fr,EOA513,Norway,05/18/97,,0,
ghaithouthachiba,Chancellor,Boone,arcu.vestibulum@google.us,NUU147,Sweden,05/30/00,,0,
jonsmith-78109,Kessie,Gillespie,mi.aliquam@google.ma,FCC514,Russian Federation,08/20/96,,0,
nilorodrigues-22650,Dana,Zamora,tincidunt@yahoo.fr,SLN553,Pakistan,11/22/96,,0,
benkrieser,Harrison,Kennedy,lorem.lorem@google.ca,ZNF288,Belgium,03/01/90,,0,
rob-lentini,Evan,Ortega,tempor.erat@hotmail.fr,MTJ095,France,07/27/94,,0,
gjanoudy,Holmes,Flowers,suscipit.nonummy@outlook.ma,YNH908,Netherlands,06/07/95,,0,
vinu19298,Gareth,Noel,imperdiet.dictum.magna@google.ma,MDP230,Norway,12/23/90,,0,
maeson-47826,Tad,Lane,nunc.quisque.ornare@yahoo.us,QTR156,Spain,12/17/99,,0,
msbreviews,Kibo,Roth,tempor.augue@hotmail.us,WLP884,Ireland,11/16/90,,0,
leonidasstathopoulos,Harriet,Watkins,feugiat.tellus@hotmail.com,QCU332,South Korea,11/28/90,,0,
gervase55,Jescie,Mcconnell,ac.ipsum.phasellus@google.fr,CSD977,South Korea,04/04/98,,0,
DapperDuck713,Geraldine,Mccoy,nulla.cras@google.us,ALN345,Poland,12/31/01,,0,
arbaztwinkle,Marshall,Vega,consectetuer.adipiscing@outlook.it,ZWW571,Australia,04/09/96,,0,
jboothmillard,Orla,Patrick,nibh.sit@gmail.us,AEY783,Poland,02/02/92,,0,
naumanmadridista,Harper,Velasquez,quis.urna.nunc@gmail.us,UUE890,Turkey,08/30/93,,0,
jnl10,Fuller,Frazier,elit.pretium@gmail.com,ZPX506,United Kingdom,12/18/94,,0,
SeekingCinema,Shelby,Hamilton,malesuada@outlook.ma,RGC386,United Kingdom,01/27/00,,0,
froghamcottage,Celeste,Vega,vitae.velit@yahoo.ca,YTK247,Italy,03/15/99,,0,
obdyahia,Preston,Sherman,consectetuer.adipiscing@gmail.ca,BXM882,Germany,02/04/97,,0,
jonathancolespivey,Vladimir,Joyner,mus.donec@outlook.us,GVP652,Austria,04/26/99,,0,
doorsscorpywag,Sebastian,Gilliam,aliquam.nec.enim@google.us,KEY794,United States,04/12/91,,0,
JOAO773,Rhonda,Hodge,adipiscing.ligula@google.fr,YJP320,United States,02/16/97,,0,
lisa-berry,Zeph,Mills,tempor.diam@yahoo.us,UEJ786,Norway,07/12/94,,0,
prasetya_novi,Caleb,Olsen,massa.rutrum.magna@gmail.ca,WBL104,Pakistan,09/30/90,,0,
kishka-13971,Charles,Castillo,proin.dolor.nulla@yahoo.us,JFM652,Spain,01/21/97,,0,
valentinionut,Melodie,Wiley,quam.quis@google.fr,GHF106,Poland,12/02/94,,0,
ileyudaozcan,Alec,Jackson,consequat.dolor.vitae@gmail.ma,GOE134,Austria,11/14/00,,0,
ste_palom,Alice,Perez,et.lacinia@outlook.com,KRO326,Norway,05/11/97,,0,
Dagoozo,Ulysses,Cruz,dis.parturient@google.ca,OXR726,Turkey,2005-07-01,,0,
Headturner1,Octavia,Holcomb,sit.amet.ante@yahoo.us,MRY608,Italy,09/11/00,,0,
BNXbrayo,Chanda,Merrill,nulla.eu@hotmail.ma,JSY784,Canada,09/22/93,,0,
nyssasilvester,Nayda,Mcconnell,dui.fusce@hotmail.ca,TVM864,Australia,03/13/91,,0,
ariyamms,Brittany,Garner,urna.suscipit@google.ca,HWQ534,Pakistan,11/14/94,,0,
lpsimonsson,Kaye,Le,volutpat.ornare.facilisis@gmail.ma,NMW394,Austria,12/17/91,,0,
jamiedee-45573,Ingrid,Madden,gravida@gmail.ca,JSH064,Canada,07/17/96,,0,
lottefalcon,Rana,Carrillo,lacinia.at@yahoo.com,IQW436,France,12/07/99,,0,
matticevincent,Colt,Herrera,quisque.nonummy@outlook.ca,WXA441,Canada,05/09/98,,0,
jamieaster,Akeem,Hutchinson,donec.egestas@google.ma,ZPJ368,Sweden,02/08/94,,0,
alitaha-88852,Palmer,Frazier,ac.orci.ut@yahoo.com,SXN660,Ireland,04/10/97,,0,
maciejkornicki,Naida,Frederick,nullam.ut.nisi@google.ma,MIN443,Pakistan,07/25/00,,0,
rahul-rdthecool-das,Linda,Rush,metus.aenean.sed@gmail.com,ECD132,China,02/02/97,,0,
hamzazadjali,Laura,Gilmore,pretium@outlook.us,NAL534,Germany,08/24/91,,0,
singhkamal-98316,Bert,Rosario,tellus.imperdiet@gmail.fr,JAW174,Sweden,04/17/93,,0,
muskansoni-44182,Lance,Klein,nunc.sed@google.it,WSN886,Russian Federation,04/11/98,,0,
Ahmad_pilehvar,Alan,Lynch,felis.ullamcorper@hotmail.com,QJS264,Belgium,09/25/94,,0,
laragi,Anne,Garrett,aenean.gravida@yahoo.ca,PRH052,Poland,03/19/99,,0,
jespernordenberg,Carson,Juarez,placerat@outlook.ca,HEY595,Australia,03/12/93,,0,
soumyajitb,Chaney,Robertson,ipsum.dolor@hotmail.com,YSE825,Norway,04/04/97,,0,
Woodyanders,Jerry,Stark,tempor@outlook.fr,CKU623,China,02/17/99,,0,
scottbarry-88358,Dana,Harrison,parturient.montes@hotmail.com,SWU219,United Kingdom,10/11/90,,0,
kazerniel,Daquan,Bray,mauris@hotmail.ca,BWR965,Italy,09/23/00,,0,
pidstr,Lilah,Cline,nisi.cum.sociis@yahoo.us,XXC487,Sweden,08/20/92,,0,
brian-78177,Grant,Chaney,vel.sapien.imperdiet@hotmail.fr,MJS358,Poland,03/23/98,,0,
InjunNose,Destiny,Small,dictum@gmail.ma,EGL134,Ireland,11/17/95,,0,
pciulla-141-118292,Meghan,Velez,eu.placerat@hotmail.ca,TPD037,Spain,05/18/90,,0,
gokhan-ayyildiz,Sage,Mccarty,adipiscing.elit@gmail.ma,QZC287,Netherlands,04/20/00,,0,
iamjamalwhite,Ina,Davidson,vivamus.euismod@hotmail.fr,IQM565,United States,10/17/01,,0,
bennyaldridge,Anne,Pope,quis.diam@outlook.com,BSE555,Belgium,09/19/99,,0,
TwistedContent,Mia,Vargas,malesuada.fringilla@google.ma,CXO318,Brazil,05/31/98,,0,
CinemaClown,Chase,Manning,semper.dui.lectus@google.ma,YUK139,Brazil,04/25/91,,0,
jayjaycee,Lacey,Dudley,nunc.ac@hotmail.com,QBN628,South Korea,10/10/94,,0,
marmar-69780,Lester,Hickman,odio@google.com,NLK236,Brazil,10/07/91,,0,
truemythmedia,Urielle,Lawrence,magnis.dis.parturient@hotmail.com,QPO214,Germany,01/19/01,,0,
jowsazevedo,Shay,Albert,montes.nascetur@outlook.ca,OMQ876,Russian Federation,10/24/01,,0,
just_in_case,Graiden,Allen,tempus.mauris@google.us,JPQ940,France,12/02/94,,0,
Muhammad_Rafeeq,Gareth,Wolfe,lacinia.orci.consectetuer@yahoo.com,JSJ355,Belgium,04/04/93,,0,
alokjainr,Robin,Kinney,aliquet.sem@hotmail.ca,DUI243,Russian Federation,08/30/94,,0,
arjun-tkalathil,Iona,Mckenzie,tempus.eu@google.com,IIM758,Australia,10/17/90,,0,
Flu,Brody,Kirkland,nunc.ac@yahoo.fr,ODG118,Norway,10/02/93,,0,
adamb-49813,Gisela,Crawford,risus@google.it,ITT142,Belgium,03/25/91,,0,
gsboy1000000,Hermione,Valentine,cras.dolor.dolor@yahoo.com,GWX366,Austria,12/13/92,,0,
djrapperz,Tobias,Koch,ornare.fusce.mollis@google.fr,CHK440,Germany,05/16/97,,0,
elenaphysics,Dominique,Riddle,suspendisse.ac@google.com,DTE721,Italy,12/19/95,,0,
kerryledmond,Octavius,Barron,consectetuer.ipsum@hotmail.fr,HMG947,Netherlands,05/27/92,,0,
trombleykyle,Ava,Sloan,dolor.fusce@gmail.ma,NGF154,Turkey,02/06/92,,0,
evans-57655,Audra,Mccoy,faucibus.id.libero@yahoo.ca,NDG724,Netherlands,01/16/94,,0,
Lesewut,Jael,Callahan,justo.eu.arcu@yahoo.fr,MTJ554,Italy,11/09/97,,0,
stevojaxon,Silas,Church,fusce.diam@gmail.us,OYD241,Brazil,03/14/95,,0,
adrianatrzeciak,Wynne,Dean,ornare.fusce.mollis@yahoo.com,NCV210,Turkey,05/13/94,,0,
chipsarecrispy,Edward,Mcgee,et.netus.et@outlook.fr,WMC571,Ireland,08/18/00,,0,
Tillbrooke,Berk,Jimenez,eu@yahoo.ma,SVV536,Belgium,10/25/92,,0,
TheGreatMarkukini,Thaddeus,Fernandez,laoreet.posuere@outlook.ma,BIY101,Ireland,05/07/96,,0,
cvk1812,Aidan,Mcmahon,cubilia.curae@yahoo.fr,AHF395,Belgium,10/06/90,,0,
jamiedarlow-37510,Alyssa,Rogers,fringilla@yahoo.it,HWL734,Italy,01/25/00,,0,
roycevenuter,Ria,Boyer,lorem.vitae.odio@hotmail.it,AYJ449,South Korea,02/01/99,,0,
lauraholtzraffone,Emery,Meadows,dignissim.lacus@hotmail.ma,ARD562,United States,06/02/98,,0,
ericfranco,Dai,Roberts,orci.lobortis.augue@hotmail.us,SFP756,China,11/17/00,,0,
mephitis-31882,Simon,Bullock,laoreet.lectus@hotmail.ma,TJT277,Turkey,04/11/00,,0,
edhart08,Clementine,Bond,donec.felis@gmail.fr,XMY162,China,09/22/01,,0,
apararas,Nasim,Skinner,augue.ac.ipsum@gmail.us,XKM972,France,04/14/98,,0,
jlinds-34362,Glenna,Shepard,faucibus.ut@gmail.ca,LVW424,South Korea,02/05/00,,0,
steeleronaldr,Joelle,Baird,sed@google.ca,DLK758,Ireland,07/27/91,,0,
Guanche48,Noelani,Robinson,molestie@hotmail.us,LRR614,Turkey,01/17/99,,0,
munrogmclaren,Byron,Kirk,ut.semper@yahoo.fr,VOC982,Pakistan,12/29/98,,0,
laurinen71,Avram,Johnson,proin.ultrices.duis@google.fr,QQB615,Poland,10/14/99,,0,
qhtmike,Urielle,Rodriguez,placerat.eget@hotmail.fr,LIN229,Brazil,04/07/99,,0,
deekshithrshetty,Octavius,Fleming,egestas@google.com,YWW847,Italy,06/25/99,,0,
digmaster,Castor,Nelson,amet.lorem@outlook.ca,KLY289,Sweden,05/30/93,,0,
mukhiaanurag,Wendy,Richard,enim.condimentum@google.it,FPP506,China,05/15/95,,0,
edgeofreality,Lydia,Peck,penatibus.et@hotmail.it,EXN412,France,07/04/91,,0,
bipinrichu,Isaac,Sweeney,rutrum.non@gmail.ma,IVV893,United States,11/30/97,,0,
tradewinds68,Griffin,Sykes,feugiat.placerat@yahoo.it,MZD468,Brazil,12/16/94,,0,
jenellwright,Lawrence,Sanchez,ultrices.sit@yahoo.it,FOP151,Brazil,04/20/98,,0,
ryuubishira,Martina,Santos,leo.cras.vehicula@gmail.it,UJR416,Pakistan,07/05/96,,0,
luicaeloysa,Colorado,Flynn,amet.consectetuer.adipiscing@outlook.it,JSN167,Norway,07/27/93,,0,
aikodiandraaurora,Linus,Wong,velit@yahoo.fr,JQJ825,Norway,05/17/97,,0,
larrys3,Colette,Mooney,erat@gmail.ma,QMB836,South Korea,02/23/97,,0,
tonym-13883,Hayes,Mcleod,donec.consectetuer.mauris@outlook.us,ZRF050,Belgium,02/03/00,,0,
smitsrk00751,Idola,West,non.dui@outlook.ma,DPV376,Russian Federation,03/16/99,,0,
lohmeyerkeith,Forrest,Gould,sem.molestie.sodales@hotmail.ma,IVS083,Turkey,09/30/99,,0,
surbhi-36818,David,Walter,odio.sagittis@google.ma,REH633,Poland,01/25/01,,0,
inthecloset-18316,Vladimir,Myers,vitae.odio.sagittis@yahoo.com,NCJ785,Germany,10/04/93,,0,
arsmes,Cyrus,Barnett,vestibulum@outlook.ma,LND162,Belgium,02/07/90,,0,
greggwager,McKenzie,Pollard,nulla.vulputate@hotmail.ca,QAG819,Austria,08/06/93,,0,
Danmcgeachan,Madeline,Weber,vel@hotmail.ma,MWX888,Brazil,01/29/01,,0,
CFDeeDee,May,Wooten,ornare.facilisis@yahoo.fr,KSC237,Belgium,08/11/91,,0,
thardman-1,Vernon,Bernard,orci@gmail.it,LRJ341,Belgium,06/13/98,,0,
s-ehl,Octavia,Franks,odio.auctor@gmail.fr,HPQ557,Russian Federation,06/05/91,,0,
WildestMite03,Kennan,Shelton,nunc.sed@yahoo.fr,WFH037,Sweden,04/30/98,,0,
gourlayian-09634,Nero,Armstrong,tellus@gmail.fr,FKU672,Turkey,12/16/01,,0,
Paradox-Warrior,Michael,Leblanc,sed.tortor@hotmail.us,FCS238,United Kingdom,01/07/98,,0,
TanakaK,Wallace,Mccray,cursus.et@yahoo.com,HIJ618,Sweden,10/21/95,,0,
krisloviska,Ingrid,Gates,euismod.et.commodo@hotmail.us,GMN773,Norway,05/01/94,,0,
Good-Will,Kermit,Ramsey,nam.ligula.elit@hotmail.us,XVN570,Austria,03/25/91,,0,
pnrcomps,Rinah,Duncan,tellus@yahoo.ca,EYX285,Poland,11/23/93,,0,
timdeba,Jenna,Tucker,nullam@google.ca,DJB573,Austria,08/28/93,,0,
kalinp,Harrison,Bauer,est.tempor@gmail.fr,IIB486,Australia,11/17/91,,0,
lostontheweb1,Keely,Hickman,duis.volutpat.nunc@outlook.com,BVK346,United States,09/28/00,,0,
talhaakram,Emi,William,ultrices.a.auctor@gmail.it,HEG729,Australia,08/24/91,,0,
highlander-22844,Macy,Espinoza,lectus.quis.massa@outlook.com,EBS515,Pakistan,2012-11-01,,0,
rradosti,Nigel,Giles,vestibulum.mauris@yahoo.it,FXJ741,Austria,12/24/00,,0,
stevedrs,Kareem,Good,sed.pede@outlook.com,ITE823,Australia,02/04/98,,0,
gelu1969,Tatiana,Wilkins,tincidunt.donec@outlook.it,KAM179,Canada,04/05/91,,0,
hardsodaever,Kennedy,Eaton,euismod.in@gmail.us,OPZ838,United States,02/12/00,,0,
kamtv,May,Hester,sed.hendrerit@hotmail.com,SNP434,Germany,03/16/97,,0,
joniq2002,Ronan,Rowland,tellus.id@hotmail.com,TDN727,Ireland,02/02/90,,0,
lego-60865,Allistair,Luna,magna.cras@hotmail.fr,AWC383,South Korea,04/14/92,,0,
Akodi,Justina,Gilliam,interdum.sed.auctor@hotmail.us,FWP981,Sweden,04/11/98,,0,
brookenichole-98054,Levi,Workman,aptent.taciti@gmail.it,IRV217,Australia,01/28/00,,0,
dekkard8,Graham,Harding,ac@gmail.it,WAH841,France,05/22/99,,0,
hexenhammer-514-934668,Tanek,Stone,rutrum.non.hendrerit@hotmail.com,OLS229,Pakistan,10/15/99,,0,